user,item,topk,counterfactual,predicted_scores,replacement,actual_scores_0,actual_scores_1,actual_scores_2,actual_scores_3,actual_scores_4,actual_scores_avg
0,21897,"[21897, 1366, 17781, 6852, 6853]","{664, 531, 255}","[9.57409, 9.583905, 8.796, 8.409141, 8.344852]",1366,"[9.830575942993164, 9.242995262145996, 6.100129127502441, 8.363592147827148, 8.269787788391113]","[9.811616897583008, 9.286813735961914, 6.714845180511475, 8.18632984161377, 8.435392379760742]","[9.981942176818848, 8.952645301818848, 6.848176002502441, 8.292937278747559, 8.376852989196777]","[10.050328254699707, 9.070908546447754, 6.947013854980469, 8.156935691833496, 8.016809463500977]","[10.168245315551758, 9.494102478027344, 6.973729610443115, 8.248909950256348, 8.206686973571777]","[9.968541717529297, 9.209493064880371, 6.716778755187988, 8.249740982055664, 8.261105918884278]"
1,7394,"[7394, 6778, 15116, 719, 786]","{1027, 772, 1037, 531, 1047, 536, 1051, 1053, 670, 669, 1063, 706, 968, 970, 972, 846, 975, 976, 985, 858, 990, 992, 996, 997, 613, 1000, 1009, 1012, 1014, 1017}","[9.613484, 9.617036, 7.364127, 7.657512, 7.3065577]",6778,"[5.880263328552246, 8.441512107849121, 6.44215202331543, 7.598825931549072, 7.25997257232666]","[6.437741756439209, 8.8124418258667, 6.6902055740356445, 7.215703010559082, 7.575375556945801]","[5.921389579772949, 8.574248313903809, 6.146196365356445, 7.172552108764648, 7.3415679931640625]","[6.232412338256836, 8.671976089477539, 6.5254411697387695, 7.05911922454834, 7.445789337158203]","[6.1304707527160645, 8.71982479095459, 6.464365005493164, 7.163130760192871, 7.298054218292236]","[6.120455551147461, 8.644000625610351, 6.45367202758789, 7.241866207122802, 7.384151935577393]"
2,1231,"[1231, 197, 369, 1450, 621]",,,-1,,,,,,
3,1047,"[1047, 5148, 8058, 6700, 1200]","{1444, 1011, 1012, 1462, 1438, 1471}","[6.0699034, 6.076106, 5.635654, 5.6785064, 5.328884]",5148,"[4.801011562347412, 5.932088851928711, 4.664832592010498, 5.793498516082764, 5.721709251403809]","[6.004670143127441, 5.521056175231934, 4.253911972045898, 5.681346893310547, 5.571967124938965]","[6.418756484985352, 5.534196376800537, 3.9901609420776367, 5.437808513641357, 5.494594097137451]","[4.8986430168151855, 6.23965311050415, 5.074619770050049, 5.689772129058838, 5.421267986297607]","[4.995865821838379, 5.597473621368408, 3.709270715713501, 5.548418998718262, 5.5391950607299805]","[5.423789405822754, 5.764893627166748, 4.338559198379516, 5.630169010162353, 5.549746704101563]"
4,1231,"[1231, 1477, 1005, 6868, 14588]","{1572, 1577, 1585, 1465, 1594, 1473, 1602, 325, 197, 1611, 1626, 994, 1250, 1506, 1123, 1386, 1514, 1002, 1525}","[9.345217, 9.374634, 8.406744, 7.755242, 7.36277]",1477,"[5.334478378295898, 8.955070495605469, 7.869781970977783, 6.8976731300354, 6.979095458984375]","[8.20938777923584, 8.79671859741211, 7.8839850425720215, 7.612496376037598, 6.711205005645752]","[5.1014275550842285, 8.908738136291504, 7.985404014587402, 7.867326736450195, 6.913905620574951]","[4.729557037353516, 9.391975402832031, 8.38216495513916, 7.205187797546387, 7.391838073730469]","[7.826168060302734, 8.908893585205078, 8.31937026977539, 7.6436848640441895, 7.130038261413574]","[6.240203762054444, 8.992279243469238, 8.088141250610352, 7.445273780822754, 7.025216484069825]"
5,21064,"[21064, 21058, 7395, 21056, 461]","{1604, 7049, 6974, 5235, 1591, 4347, 4349, 6718}","[6.894803, 6.845436, 6.896889, 6.6568766, 4.8863072]",7395,"[7.1026458740234375, 5.963266372680664, 7.07786226272583, 6.645346164703369, 4.89199686050415]","[7.343541145324707, 6.689095973968506, 7.173508644104004, 7.3827080726623535, 5.018210411071777]","[6.9285430908203125, 6.815179347991943, 6.896306037902832, 6.773525714874268, 4.577929973602295]","[6.854746341705322, 6.983044624328613, 6.860562801361084, 7.431939125061035, 6.149224758148193]","[7.261548042297363, 6.7349772453308105, 7.14682149887085, 6.947946071624756, 5.1943535804748535]","[7.098204898834228, 6.637112712860107, 7.03101224899292, 7.036293029785156, 5.166343116760254]"
6,197,"[197, 369, 1231, 1450, 17629]",,,-1,,,,,,
7,21058,"[21058, 21056, 21064, 7061, 7395]","{536, 6970, 255}","[7.895673, 7.7889934, 7.6552005, 7.520958, 7.906566]",7395,"[7.8206915855407715, 7.856827259063721, 7.179200172424316, 7.926020622253418, 6.979253768920898]","[7.885870456695557, 8.376954078674316, 7.79875373840332, 6.905208110809326, 7.14888334274292]","[7.706824779510498, 7.913499355316162, 7.181358814239502, 7.642184734344482, 8.220880508422852]","[7.952086448669434, 8.0272855758667, 7.185341835021973, 7.427743434906006, 7.383336067199707]","[7.818260192871094, 7.697351932525635, 7.13137149810791, 7.166001319885254, 8.206026077270508]","[7.836746692657471, 7.9743836402893065, 7.295205211639404, 7.413431644439697, 7.587675952911377]"
8,1231,"[1231, 369, 197, 18106, 13190]",,,-1,,,,,,
9,6778,"[6778, 7337, 1458, 12681, 1231]",,,-1,,,,,,
10,1231,"[1231, 1047, 197, 1391, 7394]",,,-1,,,,,,
11,7394,"[7394, 1465, 7107, 14824, 49]",,,-1,,,,,,
12,7395,"[7395, 622, 13321, 12710, 6685]","{5767, 7503, 7351, 6970, 4765}","[9.196359, 9.1981945, 8.638276, 8.516716, 8.450292]",622,"[8.875276565551758, 8.621980667114258, 8.458324432373047, 8.239007949829102, 7.4717116355896]","[8.596301078796387, 9.59697151184082, 8.869254112243652, 8.209856986999512, 7.874547958374023]","[8.896408081054688, 9.389114379882812, 8.83105182647705, 8.528937339782715, 8.071566581726074]","[9.061062812805176, 9.147737503051758, 9.172525405883789, 8.845446586608887, 8.073467254638672]","[8.699227333068848, 8.833734512329102, 8.842876434326172, 8.269613265991211, 7.941808223724365]","[8.82565517425537, 9.11790771484375, 8.834806442260742, 8.418572425842285, 7.886620330810547]"
13,1047,"[1047, 6974, 1202, 15089, 14588]",,,-1,,,,,,
14,6852,"[6852, 6855, 6853, 1554, 6778]","{12290, 10246, 12312, 10264, 10277, 12328, 10282, 12340, 10294, 10296, 10298, 10312, 10314, 10316, 80, 10323, 10324, 10327, 10333, 2144, 6252, 6253, 6254, 12401, 12402, 2162, 12416, 10386, 12437, 2214, 10414, 2224, 12465, 12466, 12467, 12471, 2239, 12482, 12487, 10449, 10452, 10454, 10462, 10464, 10465, 12514, 12515, 10467, 6379, 6380, 12525, 12528, 12529, 12533, 12535, 12538, 6395, 10492, 6396, 10494, 6397, 10495, 12545, 6398, 6399, 10500, 6402, 12551, 6410, 10506, 4364, 4365, 4363, 2316, 2322, 8467, 8468, 12564, 10518, 12568, 12570, 10523, 12572, 10522, 10534, 12588, 6447, 6452, 12601, 8505, 12605, 8511, 8513, 12612, 12613, 8518, 8517, 10568, 8521, 8522, 12619, 8523, 8525, 12623, 10576, 8530, 10579, 8536, 10585, 8538, 8541, 4446, 8543, 12643, 10595, 12646, 8554, 12653, 8561, 8563, 12661, 12662, 8568, 8569, 12669, 12670, 12672, 2436, 8583, 12680, 12681, 12682, 12686, 12687, 12688, 12689, 12690, 12693, 12697, 12698, 12699, 12700, 10653, 12702, 12703, 12705, 12708, 12710, 8619, 10669, 8625, 8629, 8632, 8635, 8636, 8639, 10691, 10694, 8647, 10701, 8656, 10705, 8662, 10711, 8664, 8663, 2527, 8675, 8676, 8680, 10729, 10730, 10731, 10740, 8693, 8692, 10746, 8700, 10748, 2556, 10755, 2565, 10758, 8711, 2566, 8713, 8714, 8715, 10764, 8723, 10772, 8725, 8728, 8738, 10791, 8744, 10793, 8746, 6700, 2608, 10801, 8756, 8761, 6718, 2623, 8769, 10826, 10829, 8782, 8783, 8781, 8785, 10836, 2648, 2655, 8800, 8801, 8802, 8808, 2668, 8815, 8816, 10865, 8820, 8823, 10876, 8828, 8830, 8833, 10882, 10883, 8835, 10889, 10890, 10891, 8845, 10894, 8851, 8852, 6806, 6807, 10902, 10903, 10906, 8857, 8860, 8854, 4767, 8864, 10915, 10916, 8867, 8880, 8884, 6836, 10934, 8887, 8888, 8886, 10943, 8896, 2752, 8903, 8907, 8908, 8910, 8911, 2774, 2775, 8920, 8922, 8925, 10976, 8930, 8933, 8937, 10990, 8945, 10996, 8952, 8957, 11007, 11008, 8960, 8965, 11014, 8969, 11020, 8973, 8979, 8980, 8982, 4887, 8989, 8992, 8994, 8995, 11050, 11051, 11056, 11062, 9015, 9016, 9022, 9024, 9026, 11078, 9033, 9038, 9052, 9057, 9059, 11108, 4972, 9069, 11118, 4975, 4976, 9072, 4978, 4979, 4980, 11123, 4988, 9087, 11136, 4993, 11138, 7043, 9094, 9095, 2953, 7050, 11147, 9099, 9102, 5010, 11160, 5017, 9114, 9113, 9118, 11168, 11173, 2982, 9135, 9137, 9139, 11188, 11193, 9148, 9151, 11201, 9155, 9156, 9159, 11209, 11212, 9168, 9170, 9177, 11227, 9187, 11243, 1004, 3052, 9207, 11260, 11261, 7166, 11266, 9225, 9227, 11276, 9229, 9233, 11282, 11286, 7195, 5148, 9247, 9252, 11305, 11306, 9269, 9273, 9284, 11336, 9289, 11338, 11339, 11341, 9293, 9298, 9301, 9303, 9306, 9308, 1117, 11361, 9322, 11376, 11377, 11378, 9329, 11384, 11390, 9352, 11407, 9363, 9366, 9369, 11418, 11419, 11420, 11422, 5281, 5285, 5287, 11434, 5295, 11439, 9394, 11443, 9397, 11449, 9417, 9425, 9431, 9436, 9440, 9441, 11501, 11504, 9464, 11517, 11519, 9472, 9471, 11525, 11529, 9485, 11536, 11549, 9515, 9517, 11575, 9535, 11588, 11592, 9555, 11604, 11612, 9571, 9574, 11633, 11637, 11641, 9593, 11649, 9602, 11654, 11656, 9610, 11659, 11662, 9623, 11677, 9633, 11682, 9634, 9640, 11706, 1471, 1473, 11713, 11723, 9677, 11729, 9690, 3549, 3551, 3554, 11747, 11748, 9699, 11764, 11769, 11774, 9733, 1546, 11787, 9747, 9748, 5661, 11805, 11811, 5669, 5672, 5673, 11818, 5675, 5676, 9772, 5678, 5683, 5685, 9781, 5687, 5688, 5689, 5690, 11842, 5700, 9799, 11848, 9801, 5712, 11857, 9810, 11860, 9816, 11866, 5730, 5732, 5733, 11880, 11882, 11884, 9840, 11891, 11915, 1677, 1678, 11918, 3736, 3737, 9880, 11936, 9901, 9903, 11957, 11959, 9916, 9930, 11983, 12004, 9961, 9962, 9963, 9971, 9972, 12021, 9974, 12023, 9976, 3833, 9984, 9986, 12035, 9988, 9993, 12043, 10000, 12049, 10003, 12055, 10007, 5916, 5921, 5922, 10020, 12078, 10034, 10038, 10042, 5955, 12103, 12112, 12113, 10081, 3942, 10087, 5995, 5996, 12152, 10104, 10106, 3974, 12166, 8073, 3984, 3985, 12177, 12176, 10136, 12185, 12188, 10149, 12202, 10156, 12206, 10162, 10163, 12222, 12225, 12227, 6085, 10182, 12231, 12232, 12236, 10188, 10195, 12247, 12248, 10203, 10212, 2031, 10223, 10232, 10233, 10239}","[9.00971, 8.957143, 8.696151, 8.234062, 9.010356]",6778,"[7.827735900878906, 7.923202991485596, 7.952603816986084, 7.790233135223389, 7.880674362182617]","[8.612235069274902, 8.054231643676758, 7.86426305770874, 7.361708164215088, 8.29104232788086]","[7.998702526092529, 7.8539958000183105, 7.872769832611084, 7.119991779327393, 8.116957664489746]","[7.675388813018799, 7.958250522613525, 7.910282135009766, 6.479865550994873, 8.101627349853516]","[8.267596244812012, 7.693173885345459, 8.08995532989502, 6.416739463806152, 7.9587836265563965]","[8.07633171081543, 7.8965709686279295, 7.937974834442139, 7.033707618713379, 8.069817066192627]"
15,1231,"[1231, 1202, 14588, 7998, 1465]","{772, 12808, 1423, 787, 12951, 2586, 2590, 12958, 12964, 12710, 938, 43, 1326, 12848, 1201, 12721, 307, 12851, 7476, 12981, 1207, 12858, 1211, 446, 7487, 12736, 707, 197, 455, 13005, 7502, 7503, 853, 12885, 5463, 1368, 856, 1370, 5467, 1623, 6361, 12894, 1121, 1123, 995, 997, 1508, 999, 1000, 1130, 8434, 882, 1525, 1016, 12923, 255}","[8.928972, 8.931537, 8.733574, 8.171691, 7.8935757]",1202,"[4.500029563903809, 7.872897624969482, 8.387133598327637, 5.662222385406494, 8.310554504394531]","[4.658596515655518, 8.32264518737793, 7.920215606689453, 5.732935428619385, 7.071620941162109]","[5.571436405181885, 7.615967750549316, 8.054129600524902, 6.035283088684082, 8.17995548248291]","[5.244388103485107, 8.254170417785645, 9.308867454528809, 5.767876148223877, 7.334228992462158]","[5.164648056030273, 7.740316867828369, 8.910101890563965, 6.073728561401367, 8.074759483337402]","[5.027819728851318, 7.961199569702148, 8.516089630126952, 5.854409122467041, 7.794223880767822]"
16,1047,"[1047, 8058, 1537, 13979, 17543]",,,-1,,,,,,
17,860,"[860, 461, 6960, 23346, 23345]",,,-1,,,,,,
18,1231,"[1231, 13295, 49, 1217, 7394]",,,-1,,,,,,
19,438,"[438, 7047, 1231, 719, 7000]",{13570},"[7.48482, 7.548077, 7.37359, 7.41571, 7.3278437]",7047,"[6.980386734008789, 7.0042595863342285, 7.341811180114746, 7.249114036560059, 8.455314636230469]","[6.746294021606445, 6.500145435333252, 7.018707752227783, 7.215266227722168, 8.051133155822754]","[6.717053413391113, 6.482295989990234, 7.2921271324157715, 5.302032470703125, 8.19229793548584]","[6.516147613525391, 7.209988594055176, 4.2426862716674805, 7.443437576293945, 7.5413713455200195]","[6.503991603851318, 7.241004943847656, 7.116868019104004, 4.7548956871032715, 8.050037384033203]","[6.692774677276612, 6.887538909912109, 6.602440071105957, 6.392949199676513, 8.058030891418458]"
20,5238,"[5238, 1047, 8058, 6778, 25781]","{7176, 993, 786, 430}","[8.2881155, 8.291676, 7.9484334, 7.954132, 7.9350944]",1047,"[7.428894996643066, 7.710536956787109, 7.527112007141113, 7.378357887268066, 7.925237655639648]","[7.3332366943359375, 6.799418926239014, 6.801717758178711, 7.665029525756836, 8.629891395568848]","[8.430472373962402, 8.80086612701416, 8.157788276672363, 7.66543436050415, 8.47616958618164]","[7.387944221496582, 6.843377113342285, 8.345561981201172, 7.273490905761719, 8.460127830505371]","[7.454535484313965, 8.32537841796875, 8.027769088745117, 7.895918846130371, 8.488901138305664]","[7.607016754150391, 7.6959155082702635, 7.771989822387695, 7.575646305084229, 8.396065521240235]"
21,1231,"[1231, 13295, 1408, 1597, 13541]",,,-1,,,,,,
22,21897,"[21897, 6778, 12681, 8454, 1458]","{993, 1473, 1347, 1572, 197, 14850, 14723, 14824, 14698, 14795, 138, 1069, 622, 1007, 1264, 14580, 14487, 14555}","[8.998849, 9.007296, 8.122486, 8.101953, 7.9695845]",6778,"[8.568584442138672, 8.64759349822998, 8.656400680541992, 8.113044738769531, 1.0311527252197266]","[9.058810234069824, 8.844719886779785, 8.82426929473877, 8.651901245117188, 6.383864402770996]","[8.845514297485352, 8.674702644348145, 8.594942092895508, 8.292353630065918, 2.5597376823425293]","[8.985398292541504, 8.974262237548828, 8.928535461425781, 8.407423973083496, 3.330146074295044]","[8.879730224609375, 9.138753890991211, 8.577991485595703, 7.755635738372803, 3.033306360244751]","[8.867607498168946, 8.85600643157959, 8.71642780303955, 8.244071865081787, 3.2676414489746093]"
23,1231,"[1231, 1047, 197, 1391, 7394]",,,-1,,,,,,
24,1231,"[1231, 1217, 7394, 13295, 6186]",,,-1,,,,,,
25,15116,"[15116, 369, 1231, 7337, 1511]",{6452},"[6.1660585, 5.8509235, 6.204268, 5.7094307, 5.486621]",1231,"[4.539890289306641, 2.491737127304077, 6.465653896331787, 5.725244998931885, 5.612346172332764]","[4.366311550140381, 3.140258550643921, 6.216098308563232, 5.381076335906982, 5.861791610717773]","[4.635389804840088, 2.6908037662506104, 6.162489414215088, 5.841753959655762, 5.813607215881348]","[4.57056188583374, 2.566444158554077, 6.004504203796387, 5.732816219329834, 5.769312381744385]","[4.429541110992432, 2.2253081798553467, 6.175953388214111, 5.9839653968811035, 5.8969197273254395]","[4.508338928222656, 2.6229103565216065, 6.204939842224121, 5.7329713821411135, 5.790795421600341]"
26,17781,"[17781, 6778, 1366, 1391, 21897]","{8449, 8450, 1414, 524, 3603, 536, 410, 810, 1070, 1455, 1200, 7220, 1205, 1210, 443, 1211, 15421, 1471, 1599, 8385, 1602, 1608, 15440, 15441, 7892, 15444, 15449, 13533, 15454, 862, 15459, 15464, 8425, 1130, 493, 1009}","[8.414203, 8.4291315, 7.1551046, 7.4148026, 7.767027]",6778,"[5.369462966918945, 7.046894073486328, 4.538568019866943, 7.557248592376709, 7.398543357849121]","[6.40544319152832, 7.430205345153809, 4.6554179191589355, 7.389311790466309, 7.453534126281738]","[6.18529748916626, 7.243239402770996, 4.917299747467041, 6.674670696258545, 7.459527015686035]","[5.951990604400635, 7.2205071449279785, 4.506129741668701, 7.216232776641846, 7.445256233215332]","[6.226785659790039, 7.3059844970703125, 4.766536235809326, 7.19117546081543, 7.599009037017822]","[6.02779598236084, 7.249366092681885, 4.676790332794189, 7.205727863311767, 7.47117395401001]"
27,6778,"[6778, 15366, 15116, 803, 15402]",,,-1,,,,,,
28,1391,"[1391, 7394, 6778, 1017, 1047]","{8711, 12295, 11275, 15884, 15889, 11282, 15893, 5654, 5655, 5660, 10781, 5662, 5663, 15902, 5667, 5670, 1574, 5674, 5679, 5682, 5685, 5687, 5688, 5691, 15942, 11848, 586, 11863, 11864, 6233, 1116, 1117, 11363, 6254, 15986, 5256, 16014, 11919, 11407, 6807, 4767, 16038, 16039, 9896, 11943, 12458, 16044, 16045, 16047, 8884, 12469, 1212, 12485, 12487, 9930, 9423, 16082, 12506, 16092, 16094, 9438, 10979, 15588, 6377, 16107, 9452, 16113, 11505, 16117, 759, 16121, 11515, 12544, 13577, 9482, 11531, 12042, 13584, 12560, 2322, 16155, 16156, 16157, 15645, 15652, 12603, 5436, 5437, 10055, 15688, 11594, 12622, 15697, 15698, 15701, 15702, 10074, 15716, 12645, 12646, 15722, 11629, 3441, 5490, 12149, 9078, 12151, 4984, 4986, 4988, 15743, 7043, 12678, 9097, 8073, 12684, 12685, 8080, 12690, 15764, 12181, 9119, 12705, 10149, 15791, 12208, 10688, 9153, 5060, 6085, 6088, 461, 12240, 12241, 15824, 15829, 5590, 15839, 12256, 12258, 1000, 3052, 1012, 1525, 1526, 9718, 11257}","[8.140843, 7.8475494, 8.141751, 7.643653, 7.35168]",6778,"[7.870969772338867, 5.964728355407715, 7.034170627593994, 6.626791954040527, 5.066833972930908]","[8.226739883422852, 5.467767715454102, 7.267573356628418, 6.778258323669434, 5.609660625457764]","[7.276952266693115, 5.147401332855225, 7.278508186340332, 7.070559024810791, 4.29382848739624]","[8.252974510192871, 5.182199001312256, 7.337433338165283, 7.767837047576904, 5.248193264007568]","[8.163877487182617, 5.560342311859131, 7.1211957931518555, 8.031643867492676, 5.625792026519775]","[7.958302783966064, 5.464487743377686, 7.207776260375977, 7.255018043518066, 5.168861675262451]"
29,7176,"[7176, 1047, 853, 761, 8015]","{14849, 14850, 4104, 1037, 5645, 1039, 15268, 531, 1044, 1045, 530, 14872, 16186, 16187, 1572, 16188, 1067, 7212, 16161, 6195, 7220, 1592, 6206, 66, 1603, 16162, 1605, 1606, 5198, 16298, 15444, 1627, 14939, 1117, 1123, 7005, 613, 14952, 5744, 5745, 7284, 939, 5239, 4731, 12923, 941, 16206, 4752, 4755, 13460, 6810, 15003, 4764, 4766, 5793, 677, 13487, 6832, 12981, 1210, 1211, 707, 4807, 1226, 719, 1234, 7387, 16224, 8413, 13535, 1248, 5864, 4841, 4843, 5868, 4844, 3310, 15090, 758, 1272, 7931, 5383, 7432, 6569, 16160, 7457, 290, 16163, 7972, 16165, 16166, 16167, 16168, 16164, 16170, 16171, 16172, 2861, 16174, 16173, 16176, 16177, 16178, 6963, 16180, 16181, 16182, 16183, 16184, 16185, 6970, 6458, 828, 16189, 16190, 16191, 16192, 16193, 16194, 7491, 16195, 16197, 16198, 16199, 16200, 16201, 16202, 16203, 16204, 16205, 6990, 7503, 5456, 16209, 16210, 16208, 16212, 16213, 16207, 16215, 5976, 7001, 858, 16217, 16220, 16221, 16222, 16223, 7008, 16225, 16226, 16227, 16228, 16229, 16230, 16231, 16232, 16233, 1386, 16235, 16236, 16237, 16238, 16239, 16240, 16241, 16234, 16245, 16247, 16248, 4473, 1402, 16251, 16252, 16253, 16249, 16255, 384, 16257, 16258, 16260, 16261, 16262, 16263, 16266, 16267, 16268, 16269, 16271, 16272, 16273, 4496, 16275, 16276, 4495, 16278, 16279, 16280, 16281, 16282, 16283, 16284, 16285, 16286, 16287, 16288, 16289, 1436, 16291, 16292, 16293, 16294, 16295, 16296, 6057, 5545, 6058, 16299, 16300, 16301, 16302, 16303, 16304, 16305, 16306, 16307, 16309, 16310, 16308, 16313, 16314, 16315, 16316, 16317, 16319, 16320, 1473, 964, 12759, 1502, 993, 998, 14824, 6121, 1002, 6127, 14832, 1011, 1013, 16179, 15358}","[8.487789, 7.851218, 7.1992764, 8.488272, 7.893225]",761,"[9.437932014465332, 7.6465935707092285, 7.439520835876465, 7.959495544433594, 6.916556358337402]","[9.033453941345215, 8.65073013305664, 7.3123884201049805, 7.550228595733643, 6.979877471923828]","[9.060697555541992, 7.663849830627441, 7.402665138244629, 8.149409294128418, 6.902779579162598]","[9.476521492004395, 8.696224212646484, 6.9465250968933105, 8.12045955657959, 6.747075080871582]","[9.015387535095215, 8.04683780670166, 7.204181671142578, 7.538393020629883, 6.83162784576416]","[9.20479850769043, 8.140847110748291, 7.261056232452392, 7.863597202301025, 6.875583267211914]"
30,7351,"[7351, 7972, 11820, 12939, 758]","{16512, 16516, 17158, 17160, 17161, 524, 16909, 1041, 16530, 531, 16915, 17172, 16791, 16536, 16792, 17179, 924, 412, 16670, 17182, 16800, 17180, 16421, 17062, 16422, 14505, 13099, 17199, 16559, 17201, 6194, 16438, 16824, 16696, 3640, 17081, 17080, 1471, 1599, 16450, 7107, 16323, 16711, 17096, 17097, 16329, 459, 16972, 16846, 1616, 16721, 16466, 17237, 16856, 17116, 17117, 17118, 14812, 995, 17123, 16868, 16616, 16619, 17131, 8429, 8430, 16500, 16884, 16631, 14588, 1278}","[7.6140757, 7.6141725, 7.1210957, 7.1623983, 6.845494]",7972,"[7.266462326049805, 7.677187919616699, 7.264875411987305, 6.486779689788818, 6.998870849609375]","[7.575742721557617, 7.058309078216553, 7.419340133666992, 6.586000919342041, 6.964682102203369]","[7.542754173278809, 7.133816242218018, 7.470321178436279, 7.113225936889648, 6.867377758026123]","[7.222990989685059, 7.234719276428223, 7.661800384521484, 6.949038028717041, 6.986661911010742]","[7.165493488311768, 7.342611312866211, 7.7884745597839355, 6.207072734832764, 6.438784599304199]","[7.354688739776611, 7.289328765869141, 7.520962333679199, 6.668423461914062, 6.851275444030762]"
31,1047,"[1047, 1217, 1202, 7998, 13333]","{13312, 17409, 17411, 17412, 13316, 13315, 17415, 17416, 13320, 13322, 17419, 13319, 17421, 17422, 17423, 17425, 17427, 17430, 17431, 536, 17432, 17433, 8219, 17436, 17438, 17439, 17440, 17442, 17444, 17446, 578, 8266, 8267, 8268, 8269, 8270, 8271, 12877, 8273, 613, 7282, 7283, 637, 126, 646, 13960, 13961, 12939, 15501, 15502, 15503, 15504, 13971, 660, 661, 13974, 662, 13976, 150, 13979, 13980, 13982, 670, 15518, 12962, 675, 12966, 12969, 7348, 12981, 703, 704, 706, 7378, 7381, 6360, 1757, 739, 8419, 8432, 8441, 15101, 5900, 5903, 14099, 13614, 16174, 13114, 14141, 15188, 15190, 5463, 7000, 5465, 858, 17239, 17245, 862, 17246, 7008, 13152, 17250, 17252, 17256, 17257, 1386, 1387, 17258, 17262, 17266, 17268, 17271, 13176, 17272, 17274, 17276, 17281, 17282, 17283, 17284, 17285, 17287, 17297, 17300, 17302, 17303, 17307, 13213, 14239, 935, 14247, 17321, 938, 17322, 17319, 430, 943, 17327, 17332, 17339, 17345, 17346, 968, 17356, 17357, 17358, 17359, 17361, 17363, 17364, 17370, 17371, 992, 17380, 486, 17382, 3559, 17387, 17388, 17390, 14318, 17392, 17393, 17394, 17398, 17399, 17401, 17403, 17404, 17405, 17407}","[9.370712, 9.370797, 8.466934, 7.996734, 8.437791]",1217,"[8.818947792053223, 7.230038166046143, 7.012851715087891, 5.7421112060546875, 7.6046857833862305]","[8.987568855285645, 7.229398727416992, 7.636176109313965, 5.859322547912598, 7.165719985961914]","[8.62534236907959, 8.089478492736816, 7.537294387817383, 6.14743709564209, 7.825226783752441]","[8.816865921020508, 6.306697845458984, 7.615586280822754, 5.630216121673584, 7.412825107574463]","[9.024998664855957, 6.774407863616943, 7.243218898773193, 5.65636682510376, 7.7024126052856445]","[8.854744720458985, 7.126004219055176, 7.409025478363037, 5.807090759277344, 7.542174053192139]"
32,1537,"[1537, 6816, 14662, 15116, 5712]",,,-1,,,,,,
33,15089,"[15089, 6778, 12681, 17781, 1391]",{938},"[8.223617, 8.263806, 8.095793, 7.9218946, 7.8194036]",6778,"[7.688114166259766, 8.056449890136719, 8.29365062713623, 6.178755760192871, 7.7368621826171875]","[7.841331958770752, 8.243942260742188, 7.8544020652771, 6.122813701629639, 8.28534984588623]","[7.881832599639893, 8.347484588623047, 7.979428768157959, 6.685133457183838, 8.369629859924316]","[7.612273693084717, 7.91279935836792, 8.136056900024414, 6.183266639709473, 8.06756591796875]","[7.725499153137207, 8.288490295410156, 8.02134895324707, 6.696652412414551, 7.949490070343018]","[7.749810314178466, 8.169833278656006, 8.056977462768554, 6.373324394226074, 8.0817795753479]"
34,1047,"[1047, 7391, 1116, 7394, 6960]",,,-1,,,,,,
35,6778,"[6778, 17781, 7008, 197, 21897]",,,-1,,,,,,
36,332,"[332, 860, 1003, 903, 6778]",{5239},"[7.0456014, 7.0710883, 6.7947493, 6.502436, 6.4113865]",860,"[6.061385631561279, 7.007448196411133, 6.267798900604248, 6.467606544494629, 5.786910057067871]","[6.4819793701171875, 6.735617160797119, 6.496235370635986, 6.712231636047363, 5.554653644561768]","[5.629426002502441, 6.9121294021606445, 6.182065486907959, 6.536560535430908, 5.83181095123291]","[6.457727432250977, 7.002047538757324, 6.622348308563232, 6.319000720977783, 5.838431358337402]","[6.903216361999512, 7.010811805725098, 6.283823490142822, 6.373718738555908, 5.8505425453186035]","[6.306746959686279, 6.933610820770264, 6.37045431137085, 6.4818236351013185, 5.772469711303711]"
37,8058,"[8058, 1044, 1047, 15089, 897]",{1203},"[8.258991, 8.276603, 8.090768, 7.8753653, 6.845896]",1044,"[7.613750457763672, 9.154173851013184, 7.905350208282471, 7.5853142738342285, 6.145534992218018]","[7.210694789886475, 9.077157020568848, 5.5991435050964355, 7.408225059509277, 5.366358757019043]","[7.3515191078186035, 9.204952239990234, 7.194573879241943, 7.760255336761475, 5.594651699066162]","[7.66199254989624, 8.96357536315918, 5.8077592849731445, 7.725068092346191, 5.96964693069458]","[7.9704508781433105, 9.50916576385498, 7.527674198150635, 8.024415969848633, 6.0919189453125]","[7.56168155670166, 9.181804847717284, 6.806900215148926, 7.700655746459961, 5.83362226486206]"
38,307,"[307, 1391, 1231, 6778, 4340]","{13440, 993, 994, 1473, 325, 999, 16141, 18895, 18929, 1233, 531, 18869, 18870}","[8.702818, 8.358657, 8.720721, 8.470778, 7.6471014]",1231,"[8.666813850402832, 8.359533309936523, 9.385397911071777, 8.224136352539062, 4.656820774078369]","[8.306586265563965, 8.620333671569824, 6.967385768890381, 8.015660285949707, 7.191988468170166]","[8.676106452941895, 8.2708740234375, 7.307685852050781, 8.369525909423828, 7.244378089904785]","[8.580450057983398, 8.22838306427002, 7.108138084411621, 8.086068153381348, 7.336239814758301]","[8.629746437072754, 7.907131671905518, 9.221922874450684, 8.003214836120605, 4.467680931091309]","[8.571940612792968, 8.277251148223877, 7.9981060981750485, 8.13972110748291, 6.179421615600586]"
39,6410,"[6410, 18106, 1477, 7503, 6412]","{1555, 18967, 18972, 1053, 18975, 18977, 18984, 1065, 18985, 18988, 18989, 51, 15422, 19010, 7238, 1095, 19018, 19023, 19024, 15444, 19031, 19034, 1627, 19035, 613, 19050, 15478, 19063, 19066, 19067, 634, 19073, 7299, 19076, 19084, 19086, 19087, 19090, 19094, 1199, 692, 7351, 1210, 1211, 7361, 17099, 8396, 17629, 8425, 8426, 13563, 13566, 255, 8450, 290, 13098, 13099, 828, 846, 853, 859, 1408, 14223, 1435, 924, 13224, 938, 944, 946, 947, 7120, 475, 14812, 14811, 996, 1004, 1009, 1011, 1012}","[7.9234066, 7.925838, 7.225699, 6.800119, 7.612576]",18106,"[3.857818126678467, 6.678545951843262, 6.693291187286377, 6.63034200668335, 6.26301908493042]","[5.133552551269531, 5.574127197265625, 7.2254557609558105, 6.365654468536377, 6.370989799499512]","[7.942726135253906, 5.700033664703369, 6.942898750305176, 5.927822589874268, 6.472588062286377]","[8.632477760314941, 7.400912284851074, 6.84304666519165, 6.068391799926758, 5.5301337242126465]","[8.659693717956543, 6.858023643493652, 7.569524765014648, 6.3563995361328125, 6.780495643615723]","[6.845253658294678, 6.442328548431396, 7.054843425750732, 6.2697220802307125, 6.283445262908936]"
40,7395,"[7395, 13546, 7176, 12698, 7241]",{7341},"[7.187963, 7.194647, 7.029672, 6.4835253, 6.4515915]",13546,"[6.833974838256836, 7.398637771606445, 7.605255603790283, 5.732486248016357, 6.415217876434326]","[6.507204532623291, 7.282155990600586, 7.008572578430176, 5.637776851654053, 6.126701831817627]","[6.591147422790527, 7.317363262176514, 7.465759754180908, 5.977228164672852, 6.285661697387695]","[6.687241077423096, 7.060669898986816, 6.7910990715026855, 6.022979736328125, 6.655117034912109]","[6.554255962371826, 7.059500694274902, 7.326454162597656, 5.205738067626953, 6.084288597106934]","[6.634764766693115, 7.223665523529053, 7.239428234100342, 5.715241813659668, 6.313397407531738]"
41,1047,"[1047, 6974, 1005, 15089, 7176]",,,-1,,,,,,
42,1231,"[1231, 6807, 6778, 21796, 7394]","{446, 19655, 1352, 1067, 14578, 12851, 1336, 1241, 18106, 14558}","[7.6110744, 7.5598106, 7.6134973, 7.1869426, 7.0784807]",6778,"[5.332078456878662, 7.54591178894043, 7.647780895233154, 6.26214075088501, 1.5471757650375366]","[5.344113826751709, 7.599463939666748, 7.894120216369629, 6.6148810386657715, 2.0615339279174805]","[4.908146381378174, 7.416788578033447, 7.579345226287842, 6.712989330291748, 1.9395687580108643]","[5.261184215545654, 7.755298137664795, 8.091891288757324, 5.331855773925781, 1.1119019985198975]","[6.378790855407715, 7.612401485443115, 7.99522590637207, 5.6684136390686035, 1.8750810623168945]","[5.444862747192383, 7.585972785949707, 7.841672706604004, 6.118056106567383, 1.7070523023605346]"
43,23176,"[23176, 1047, 1217, 6965, 968]",{786},"[7.5176263, 7.5481114, 6.6810994, 6.7078266, 6.614487]",1047,"[6.604424953460693, 7.138449192047119, 3.5420567989349365, 6.496669769287109, 6.5744829177856445]","[7.053252696990967, 6.053713321685791, 4.423727512359619, 6.381587982177734, 6.711645126342773]","[6.532471656799316, 7.280698776245117, 4.930393218994141, 6.044101238250732, 6.469557285308838]","[7.203424453735352, 7.3534088134765625, 5.562530994415283, 6.4171576499938965, 7.258947849273682]","[6.536540985107422, 7.199050426483154, 3.2671866416931152, 6.184686660766602, 6.788295745849609]","[6.78602294921875, 7.0050641059875485, 4.345179033279419, 6.3048406600952145, 6.760585784912109]"
44,1231,"[1231, 197, 12948, 6412, 1477]","{772, 773, 536, 7325, 1571, 1211, 19904, 1473, 19906, 968, 19913, 7503, 719, 1621, 7510, 7393, 998, 1386, 1387, 19059, 1012, 1402}","[8.055753, 7.217949, 7.5175614, 8.057033, 6.286642]",6412,"[7.8793625831604, 7.2690277099609375, 8.301351547241211, 7.207573890686035, 7.80148458480835]","[6.004688262939453, 6.396740913391113, 8.204506874084473, 8.006994247436523, 6.113973140716553]","[6.094909191131592, 6.162233352661133, 8.088251113891602, 7.455807209014893, 7.298871994018555]","[7.991239070892334, 7.0804829597473145, 7.774367332458496, 7.551380157470703, 7.756009101867676]","[6.6895976066589355, 7.033204555511475, 7.339084148406982, 7.1191911697387695, 7.494266986846924]","[6.931959342956543, 6.788337898254395, 7.941512203216552, 7.468189334869384, 7.292921161651611]"
45,1231,"[1231, 12939, 1072, 6412, 13552]","{17569, 833, 7299, 613, 427, 939, 461, 8430, 7342, 7089, 8434, 13405, 7990, 17113, 12796, 5757, 2590}","[7.791453, 7.7936196, 6.968421, 6.8756995, 6.7670484]",12939,"[6.130731582641602, 7.5682573318481445, 6.9419846534729, 6.271289348602295, 6.252791881561279]","[4.843155860900879, 7.456853866577148, 7.278695106506348, 6.069450378417969, 5.628582954406738]","[5.058229923248291, 7.563685417175293, 6.533048629760742, 6.283372402191162, 6.415404796600342]","[4.708596706390381, 7.453599452972412, 7.0421247482299805, 6.381450176239014, 6.599635601043701]","[4.454362392425537, 7.204272270202637, 7.082513809204102, 6.485387802124023, 6.004641056060791]","[5.039015293121338, 7.449333667755127, 6.975673389434815, 6.298190021514893, 6.1802112579345705]"
46,1231,"[1231, 1047, 197, 1391, 7394]",,,-1,,,,,,
47,1047,"[1047, 8058, 13504, 1200, 897]",,,-1,,,,,,
48,1231,"[1231, 1047, 197, 1391, 7394]",,,-1,,,,,,
49,1231,"[1231, 1047, 197, 1391, 7394]",,,-1,,,,,,
50,6852,"[6852, 6853, 1047, 6974, 6850]","{996, 165, 18119, 999, 1386, 334, 7249, 1013, 536, 475, 1628, 7935}","[8.442272, 8.277412, 8.44373, 8.258716, 8.183565]",1047,"[7.659609794616699, 7.6874918937683105, 9.270522117614746, 8.48613452911377, 7.994761943817139]","[7.7772908210754395, 7.616064548492432, 9.580222129821777, 8.600493431091309, 7.869032382965088]","[7.713101387023926, 7.51968240737915, 8.243529319763184, 8.216975212097168, 7.824756145477295]","[7.422519683837891, 7.8863701820373535, 9.171241760253906, 8.296963691711426, 8.029163360595703]","[7.982332229614258, 7.94547176361084, 9.150643348693848, 8.271470069885254, 8.047281265258789]","[7.710970783233643, 7.731016159057617, 9.083231735229493, 8.374407386779785, 7.952999019622803]"
51,1044,"[1044, 12948, 994, 8015, 1065]","{7299, 772, 7432, 524, 536, 1050, 13098, 943, 1456, 1201, 49, 825, 20539, 20542, 1233, 862, 7135, 7008, 737, 7397, 999, 1000, 1002, 8042, 14702, 1007, 7409, 759, 767}","[7.1110525, 6.8262725, 6.430288, 7.1280346, 6.2938905]",8015,"[6.308156490325928, 6.378623008728027, 5.0514655113220215, 6.944550037384033, 5.263627529144287]","[7.130073547363281, 6.568760871887207, 5.625189781188965, 7.308367729187012, 5.278304100036621]","[6.782463550567627, 7.097537517547607, 4.899540424346924, 6.404424667358398, 4.939080715179443]","[6.878073215484619, 7.239211559295654, 5.59169340133667, 7.578144073486328, 6.307291030883789]","[6.972332000732422, 6.856686115264893, 5.555285453796387, 6.766273021697998, 5.992007255554199]","[6.814219760894775, 6.828163814544678, 5.344634914398194, 7.000351905822754, 5.556062126159668]"
52,6852,"[6852, 6854, 6855, 6853, 837]","{1029, 1549, 536, 19994, 1572, 17964, 1072, 3640, 20546, 20550, 7239, 7241, 20563, 1112, 20573, 20575, 613, 15476, 20600, 7291, 20611, 20617, 18581, 20631, 7320, 20636, 7327, 671, 20643, 7332, 7341, 20656, 691, 7351, 20670, 20671, 20672, 20673, 20674, 8385, 20677, 17616, 1233, 17106, 7383, 8411, 7395, 741, 759, 7420, 772, 8464, 7457, 290, 7972, 13098, 13114, 7996, 8015, 6482, 853, 855, 858, 1370, 7517, 862, 1386, 882, 1402, 5505, 939, 941, 943, 17855, 968, 460, 1000, 1524, 1525, 1526, 7161, 1018, 15359}","[7.924323, 7.858809, 7.7881656, 7.6009603, 7.924441]",837,"[6.203192710876465, 7.2277092933654785, 6.613328456878662, 6.791555881500244, 8.123725891113281]","[5.767689228057861, 6.08148717880249, 5.920004367828369, 5.718343257904053, 7.026100158691406]","[6.482224941253662, 6.0269455909729, 5.6069746017456055, 5.980568885803223, 7.459558010101318]","[6.892457485198975, 7.197629928588867, 6.664219379425049, 6.577206611633301, 8.236817359924316]","[6.056542873382568, 6.491478443145752, 5.776514053344727, 6.151968002319336, 6.833815574645996]","[6.280421447753906, 6.605050086975098, 6.116208171844482, 6.243928527832031, 7.5360033988952635]"
53,1231,"[1231, 1047, 197, 1391, 7394]",,,-1,,,,,,
54,6852,"[6852, 6853, 6855, 6410, 14588]","{20739, 1222, 1196, 8433, 786, 15100}","[8.462123, 8.443784, 8.329991, 8.463745, 8.261558]",6410,"[7.7704057693481445, 7.804394721984863, 7.679891109466553, 5.703098297119141, 7.4222941398620605]","[7.2293381690979, 7.400397300720215, 7.109035968780518, 6.071605682373047, 7.381466865539551]","[7.383343696594238, 7.656570911407471, 7.475861549377441, 6.042728900909424, 6.515474319458008]","[7.492676258087158, 7.362212657928467, 7.363047122955322, 5.931466102600098, 7.161870002746582]","[7.579722881317139, 7.555131912231445, 7.815381050109863, 5.94743013381958, 7.710452556610107]","[7.491097354888916, 7.555741500854492, 7.48864336013794, 5.9392658233642575, 7.2383115768432615]"
55,1231,"[1231, 6412, 417, 197, 12272]","{8326, 17543, 786, 919, 7325, 17569, 20770, 20771, 7332, 20773, 20772, 20776, 20778, 20779, 20780, 20782, 20783, 20785, 20787, 20405, 12982, 20790, 20792, 20789, 20794, 443, 20796, 20795, 20799, 20806, 20807, 20808, 20809, 20810, 20811, 1606, 20813, 20814, 20815, 20816, 20818, 20820, 20822, 20824, 20825, 7386, 20827, 1112, 20829, 862, 8414, 20832, 20834, 739, 20837, 20839, 20840, 20841, 20843, 20845, 13165, 13167, 20848, 20850, 20852, 759, 19068}","[9.966661, 9.972956, 7.1898212, 7.3470044, 7.8994617]",6412,"[6.607846260070801, 6.568726062774658, 6.44273567199707, 5.899918556213379, 7.550274848937988]","[7.917789936065674, 8.022146224975586, 6.431581020355225, 5.630568981170654, 7.932476043701172]","[8.801716804504395, 7.4257307052612305, 5.874040126800537, 6.230325698852539, 8.208959579467773]","[6.878324508666992, 8.077062606811523, 6.732882976531982, 5.649598598480225, 8.005809783935547]","[6.9536309242248535, 7.222237586975098, 5.787347793579102, 5.74353551864624, 7.7781758308410645]","[7.431861686706543, 7.463180637359619, 6.253717517852783, 5.830789470672608, 7.895139217376709]"
56,7176,"[7176, 6974, 1465, 19377, 1614]","{665, 7239}","[6.7505035, 6.8282876, 6.0815816, 6.398798, 6.3443255]",6974,"[6.9346723556518555, 6.106816291809082, 5.135776519775391, 4.679332733154297, 4.833934307098389]","[6.597353935241699, 6.045285701751709, 5.089075565338135, 4.901150226593018, 5.472503185272217]","[6.645959377288818, 6.474916934967041, 5.306818962097168, 4.92011833190918, 4.656630992889404]","[7.05672550201416, 6.73173713684082, 5.348443984985352, 5.070287227630615, 4.999210357666016]","[6.563000202178955, 7.074858665466309, 6.096632957458496, 5.410346984863281, 5.52390193939209]","[6.7595422744750975, 6.486722946166992, 5.395349597930908, 4.996247100830078, 5.097236156463623]"
57,5465,"[5465, 943, 719, 6778, 1554]","{2403, 1012}","[7.3732715, 7.4433684, 7.105357, 7.0081916, 6.7332587]",943,"[7.220178604125977, 7.754655361175537, 7.211347579956055, 7.259173393249512, 5.68493127822876]","[7.321104049682617, 6.73870849609375, 5.929448127746582, 7.095344543457031, 6.046827793121338]","[7.773749828338623, 6.872212886810303, 7.119912147521973, 6.510237693786621, 5.596350193023682]","[7.17598295211792, 6.606836318969727, 4.4931721687316895, 6.416080474853516, 5.689761161804199]","[7.282521724700928, 7.018570423126221, 6.530133247375488, 7.149499893188477, 5.771674156188965]","[7.354707431793213, 6.998196697235107, 6.256802654266357, 6.886067199707031, 5.757908916473388]"
58,1231,"[1231, 1047, 197, 1391, 7394]",,,-1,,,,,,
59,14588,"[14588, 17781, 7998, 768, 1448]","{15417, 1226, 4767}","[7.1625156, 7.183965, 6.8749475, 6.827763, 6.5902305]",17781,"[6.532534122467041, 5.312840461730957, 4.97196102142334, 7.083603858947754, 6.56384801864624]","[7.02985143661499, 5.172663688659668, 4.599426746368408, 5.697092533111572, 6.198305130004883]","[6.943784713745117, 6.707742691040039, 4.366546154022217, 5.908413410186768, 5.817140102386475]","[6.548068046569824, 6.3448662757873535, 4.184060096740723, 5.232820987701416, 5.506974220275879]","[6.45872688293457, 4.9570088386535645, 4.986695289611816, 6.110248565673828, 6.390458583831787]","[6.702593040466309, 5.699024391174317, 4.621737861633301, 6.006435871124268, 6.095345211029053]"
60,461,"[461, 7061, 998, 21064, 21058]","{1112, 1526, 670}","[10.135771, 9.747823, 10.2052765, 9.907083, 9.7884245]",998,"[9.419004440307617, 8.920768737792969, 9.15841007232666, 8.13211727142334, 9.025256156921387]","[9.25727367401123, 8.799898147583008, 9.502269744873047, 8.451991081237793, 9.092801094055176]","[9.320903778076172, 8.80706787109375, 9.059691429138184, 8.244993209838867, 8.946074485778809]","[9.075526237487793, 8.611404418945312, 9.236605644226074, 8.061622619628906, 8.645432472229004]","[9.295881271362305, 8.893781661987305, 9.071479797363281, 8.288148880004883, 8.622040748596191]","[9.273717880249023, 8.80658416748047, 9.20569133758545, 8.235774612426757, 8.866320991516114]"
61,13552,"[13552, 7176, 1714, 468, 1217]","{739, 1000, 941, 536, 1117}","[8.20151, 8.223886, 7.9834404, 7.8390427, 7.683699]",7176,"[7.411360263824463, 7.990489482879639, 7.634749889373779, 7.543177127838135, 7.6006622314453125]","[7.385130405426025, 7.901327133178711, 7.081658363342285, 7.148433685302734, 7.491799354553223]","[7.653658866882324, 8.22086238861084, 7.575008869171143, 7.245290756225586, 7.333399772644043]","[7.213770389556885, 8.05735969543457, 7.254367828369141, 6.771179676055908, 6.6588873863220215]","[7.357076168060303, 8.21013069152832, 7.44399356842041, 7.311849117279053, 7.0967535972595215]","[7.40419921875, 8.076033878326417, 7.397955703735351, 7.203986072540284, 7.236300468444824]"
62,7061,"[7061, 7395, 860, 7032, 6744]",,,-1,,,,,,
63,1231,"[1231, 6412, 12948, 7000, 307]",,,-1,,,,,,
64,197,"[197, 1391, 1231, 7394, 6778]","{684, 1188}","[8.704316, 8.725191, 7.9608026, 7.939366, 7.8575025]",1391,"[9.007706642150879, 8.10357666015625, 6.851337432861328, 7.429988384246826, 7.712871074676514]","[8.5441312789917, 8.031233787536621, 4.834242820739746, 7.1419219970703125, 7.268183708190918]","[8.804293632507324, 8.346048355102539, 7.4160475730896, 7.439143180847168, 7.3668999671936035]","[8.49370002746582, 9.029396057128906, 5.289029598236084, 6.880128860473633, 7.967952728271484]","[8.676359176635742, 8.632378578186035, 6.690760135650635, 6.705164909362793, 7.527388572692871]","[8.705238151550294, 8.428526687622071, 6.216283512115479, 7.119269466400146, 7.5686592102050785]"
65,1231,"[1231, 7047, 13460, 12681, 18106]","{19073, 1123, 14057, 853, 1112, 475}","[8.163094, 8.1777315, 7.7831073, 7.2887473, 7.178698]",7047,"[7.561890125274658, 7.342223167419434, 7.945311546325684, 7.900891304016113, 7.000596523284912]","[6.261068820953369, 7.434290409088135, 7.695109844207764, 7.803562164306641, 5.77353572845459]","[4.972033977508545, 8.104567527770996, 7.91166353225708, 7.6903157234191895, 5.678741931915283]","[7.639565944671631, 7.091009616851807, 7.820529460906982, 7.0981597900390625, 6.130507946014404]","[4.522351264953613, 7.517266273498535, 7.960341453552246, 7.966366291046143, 6.992837429046631]","[6.191382026672363, 7.497871398925781, 7.866591167449951, 7.6918590545654295, 6.315243911743164]"
66,669,"[669, 668, 7473, 7241, 946]","{7300, 1387, 13005, 7503, 16280, 858, 6718}","[7.94757, 7.890385, 7.949837, 7.7330194, 7.2219067]",7473,"[7.3827667236328125, 7.589560508728027, 7.794947624206543, 7.207368850708008, 8.021296501159668]","[7.667749404907227, 8.329354286193848, 7.367220878601074, 7.622131824493408, 7.620281219482422]","[7.916842937469482, 7.948583126068115, 7.99073600769043, 7.250056743621826, 7.290718078613281]","[7.0490922927856445, 7.89594030380249, 8.834293365478516, 7.446122169494629, 6.925590515136719]","[8.005960464477539, 8.225613594055176, 8.006522178649902, 7.686948776245117, 7.85274600982666]","[7.604482364654541, 7.997810363769531, 7.998744010925293, 7.4425256729125975, 7.54212646484375]"
67,1537,"[1537, 1047, 15116, 307, 332]","{1096, 7107, 1628, 995}","[7.9868946, 7.9944105, 7.4534755, 7.2625017, 7.376772]",1047,"[7.800098419189453, 7.765440940856934, 6.301385402679443, 7.126673698425293, 6.350010395050049]","[7.778890609741211, 7.712331295013428, 6.450351238250732, 6.887764930725098, 6.3237810134887695]","[7.550840854644775, 8.258825302124023, 6.446437835693359, 6.432214736938477, 6.474963188171387]","[7.603530406951904, 7.403692722320557, 6.4200439453125, 6.8045759201049805, 6.491396903991699]","[7.637202262878418, 8.115988731384277, 6.071689128875732, 7.0797200202941895, 7.15801477432251]","[7.6741125106811525, 7.851255798339844, 6.337981510162353, 6.866189861297608, 6.559633255004883]"
68,1231,"[1231, 16141, 622, 15444, 7972]","{13825, 13699, 260, 22405, 920, 12953, 13082, 13080, 12956, 16798, 7457, 14242, 675, 677, 12966, 553, 938, 17712, 17715, 22324, 17463, 446, 578, 22218, 588, 22225, 6361, 994, 996, 17653, 762, 12923, 22397}","[9.105157, 9.108093, 8.3428135, 7.968553, 8.054687]",16141,"[8.980992317199707, 8.980453491210938, 8.558806419372559, 5.792570114135742, 8.41040325164795]","[7.494811534881592, 8.922350883483887, 8.30273151397705, 8.522745132446289, 8.774381637573242]","[8.113900184631348, 9.021649360656738, 8.58415699005127, 7.979647159576416, 8.840181350708008]","[6.815848350524902, 8.488482475280762, 8.117964744567871, 7.414618492126465, 8.164599418640137]","[6.467328071594238, 9.09241771697998, 8.450932502746582, 8.003610610961914, 8.914132118225098]","[7.574576091766358, 8.90107078552246, 8.402918434143066, 7.542638301849365, 8.620739555358886]"
69,1217,"[1217, 1116, 7394, 6960, 7491]",,,-1,,,,,,
70,1231,"[1231, 7394, 1217, 12939, 6852]","{1000, 5412, 18950, 12903}","[8.469316, 8.490638, 7.860519, 7.518147, 7.2375464]",7394,"[6.138259410858154, 6.084194660186768, 7.4111456871032715, 5.8245320320129395, 6.818700313568115]","[5.91509485244751, 5.933294773101807, 7.158470153808594, 6.79907751083374, 6.799774646759033]","[6.246772289276123, 5.374806880950928, 7.445197582244873, 6.348941326141357, 6.832211971282959]","[4.783758163452148, 6.163109302520752, 7.569308280944824, 6.811770439147949, 7.289769172668457]","[7.189761161804199, 5.612820625305176, 7.162593364715576, 6.4631452560424805, 6.498621463775635]","[6.054729175567627, 5.833645248413086, 7.349343013763428, 6.449493312835694, 6.84781551361084]"
71,621,"[621, 307, 943, 968, 8430]",,,-1,,,,,,
72,6778,"[6778, 803, 860, 1391, 4340]",,,-1,,,,,,
73,1231,"[1231, 1516, 49, 12272, 1450]",,,-1,,,,,,
74,1231,"[1231, 1047, 197, 1391, 7394]",,,-1,,,,,,
75,1231,"[1231, 49, 1516, 7394, 994]","{6400, 10372, 6917, 7048, 6664, 13577, 9995, 16144, 23058, 6419, 6804, 11796, 5016, 5145, 10266, 12443, 12698, 5017, 15774, 4767, 22944, 12190, 2208, 22947, 12195, 5285, 12710, 6183, 22954, 23084, 10413, 11694, 16045, 22961, 9881, 11185, 6836, 6971, 11454, 12097, 6083, 15940, 11717, 11334, 22983, 9669, 6989, 23122, 6233, 7006, 23011, 22883, 9957, 6377, 11500, 9709, 6254, 6253, 22897, 11505, 23027, 11515, 10108, 4477}","[8.447034, 8.44851, 7.668, 7.3995295, 7.6818786]",49,"[7.3659844398498535, 7.9472575187683105, 7.40634822845459, 5.499424934387207, 7.142369747161865]","[6.955275535583496, 7.759130477905273, 7.710811138153076, 5.048501968383789, 7.292721748352051]","[6.587479114532471, 7.916649341583252, 7.371224880218506, 5.067958831787109, 7.84283447265625]","[6.213316917419434, 7.665774345397949, 7.404966354370117, 5.358537673950195, 7.263535976409912]","[7.483087062835693, 8.217811584472656, 7.089028835296631, 5.829453468322754, 6.89008092880249]","[6.9210286140441895, 7.901324653625489, 7.396475887298584, 5.360775375366211, 7.2863085746765135]"
76,6778,"[6778, 1554, 21897, 6852, 19996]",{12982},"[6.550195, 6.5571594, 6.207893, 6.0313873, 5.868395]",1554,"[6.4721903800964355, 7.627899169921875, 6.638154983520508, 5.824573993682861, 6.443459987640381]","[6.489334583282471, 7.40437126159668, 6.707265853881836, 5.863255977630615, 5.980916500091553]","[6.322227954864502, 6.94199800491333, 6.598591327667236, 5.162532806396484, 5.336498737335205]","[6.5877227783203125, 7.487590312957764, 6.446506023406982, 6.078528881072998, 6.124459743499756]","[6.147841930389404, 7.532560348510742, 6.299076557159424, 5.520813465118408, 5.22850227355957]","[6.403863525390625, 7.398883819580078, 6.537918949127198, 5.689941024780273, 5.822767448425293]"
77,1231,"[1231, 443, 1072, 49, 1516]","{23297, 7299, 1053, 547, 677, 51, 1203, 821, 16825, 17086, 20810, 1623, 17629, 864, 23271, 14057, 1003, 14706, 23285, 23293}","[9.197865, 9.133193, 9.2026205, 8.7314, 8.711699]",1072,"[9.163043022155762, 8.51547908782959, 8.617579460144043, 7.216477394104004, 8.317997932434082]","[9.060863494873047, 8.446304321289062, 8.38326644897461, 7.057226181030273, 8.244729995727539]","[8.688162803649902, 9.008410453796387, 9.355955123901367, 7.7938947677612305, 8.719138145446777]","[9.652138710021973, 8.994172096252441, 8.87531566619873, 7.704315185546875, 8.808246612548828]","[9.521889686584473, 8.919669151306152, 7.681430816650391, 7.460001468658447, 8.349926948547363]","[9.21721954345703, 8.776807022094726, 8.582709503173827, 7.446382999420166, 8.488007926940918]"
78,7387,"[7387, 4340, 4341, 6960, 4347]","{19329, 786, 7061, 5916, 4767, 11691, 1604, 1605, 461, 1614, 1117, 7008, 1123, 14824, 1002, 1004, 1012, 18933, 5236, 4988, 4477, 255}","[4.956953, 4.9623427, 4.8581386, 4.468392, 4.6137605]",4340,"[6.512125492095947, 5.520498275756836, 5.722855567932129, 4.030309677124023, 4.885895729064941]","[6.331264495849609, 5.592073440551758, 5.578734397888184, 4.113665580749512, 5.229862213134766]","[6.29400634765625, 5.223353385925293, 4.959768295288086, 4.303102970123291, 4.452521324157715]","[6.191987991333008, 4.981822490692139, 2.8845183849334717, 4.844937801361084, 4.863933563232422]","[6.166324615478516, 5.418870449066162, 5.184578895568848, 4.200924873352051, 4.935719966888428]","[6.299141788482666, 5.347323608398438, 4.866091108322143, 4.2985881805419925, 4.873586559295655]"
79,1231,"[1231, 14588, 614, 197, 1366]",,,-1,,,,,,
80,1231,"[1231, 6778, 1525, 6446, 1606]","{6402, 24198, 5770, 21898, 24077, 24079, 1045, 18461, 12962, 677, 553, 938, 941, 24109, 943, 944, 1201, 692, 6965, 18869, 439, 443, 1211, 706, 66, 24130, 968, 24138, 332, 845, 18514, 24157, 13411, 24164, 997, 7395, 14824, 8042, 24177, 1524, 1013, 1526, 24185, 4731, 892, 126, 767}","[8.470947, 8.483483, 7.4383674, 7.243815, 7.1889024]",6778,"[6.008852958679199, 7.699426174163818, 7.074237823486328, 6.968728065490723, 6.927523136138916]","[4.619708061218262, 7.398068428039551, 7.4572553634643555, 7.385621547698975, 5.529759883880615]","[7.870699405670166, 7.810564041137695, 7.2748260498046875, 7.472533702850342, 3.7626030445098877]","[4.489953517913818, 7.442538738250732, 7.370223045349121, 6.680875778198242, 6.799725532531738]","[4.567041397094727, 7.718198299407959, 6.66014289855957, 7.19470739364624, 6.66473388671875]","[5.511251068115234, 7.613759136199951, 7.167337036132812, 7.140493297576905, 5.936869096755982]"
81,7337,"[7337, 1511, 7503, 21897, 5238]","{547, 1572, 1211}","[6.3979745, 6.183907, 6.4686427, 6.3284516, 5.86604]",7503,"[5.290785312652588, 5.686374664306641, 6.356990337371826, 6.7559356689453125, 4.404574871063232]","[5.609094619750977, 6.33955192565918, 6.388664722442627, 6.690237522125244, 5.764157295227051]","[6.550843238830566, 6.511941909790039, 6.308648586273193, 6.232222557067871, 6.128970623016357]","[5.9359941482543945, 5.946232795715332, 6.429473400115967, 6.669949054718018, 6.014934062957764]","[5.560222625732422, 6.089798927307129, 4.929953575134277, 6.8345208168029785, 5.510828018188477]","[5.789387989044189, 6.114780044555664, 6.082746124267578, 6.636573123931885, 5.564692974090576]"
82,1231,"[1231, 1477, 6778, 6807, 1072]","{21895, 21770, 21771, 21772, 4752, 1044, 536, 16280, 24227, 1571, 8101, 20902, 4903, 941, 943, 7473, 6837, 6838, 1591, 1590, 20922, 22459, 22460, 22461, 22458, 6716, 22464, 22465, 22466, 6717, 1604, 837, 7241, 586, 7499, 19287, 1371, 7517, 1117, 19296, 7009, 4583, 1000, 1386, 7018, 18288, 20978, 6715, 21755}","[10.127388, 8.3516865, 10.163359, 7.379499, 7.8010654]",6778,"[6.564373016357422, 5.853489398956299, 7.559291362762451, 7.236024856567383, 5.411552906036377]","[5.9953532218933105, 7.743535995483398, 7.599631309509277, 8.305655479431152, 7.448629856109619]","[7.3450212478637695, 8.280878067016602, 7.918432712554932, 7.884320259094238, 6.2519211769104]","[6.433431148529053, 6.05989408493042, 7.635376453399658, 7.491069793701172, 6.829528331756592]","[5.315764427185059, 6.886826515197754, 7.195119857788086, 7.081709384918213, 7.039677619934082]","[6.330788612365723, 6.9649248123168945, 7.581570339202881, 7.599755954742432, 6.596261978149414]"
83,6778,"[6778, 307, 1408, 1391, 417]",,,-1,,,,,,
84,6778,"[6778, 7394, 21796, 689, 6850]",,,-1,,,,,,
85,6778,"[6778, 12681, 1458, 803, 15366]",,,-1,,,,,,
86,1231,"[1231, 1516, 49, 1047, 1217]","{24848, 18869}","[8.972572, 8.984144, 8.738011, 8.636823, 8.216389]",1516,"[8.129265785217285, 7.785844802856445, 6.483463764190674, 7.325372695922852, 5.994258880615234]","[7.269824981689453, 8.027908325195312, 6.623479843139648, 7.361381530761719, 6.709035873413086]","[7.0967278480529785, 8.00592041015625, 6.718335151672363, 7.829052925109863, 6.350727081298828]","[7.996196269989014, 8.17316722869873, 6.870151519775391, 7.980432033538818, 7.0254292488098145]","[7.38830041885376, 7.9413981437683105, 6.374760150909424, 7.299726486206055, 6.212646961212158]","[7.576063060760498, 7.98684778213501, 6.6140380859375, 7.559193134307861, 6.458419609069824]"
87,6807,"[6807, 677, 6410, 5465, 1231]","{13546, 14794, 13228, 8442, 1005, 13198, 1200, 1009, 786, 15476, 1045, 1494, 7992, 858, 14812, 1567}","[8.443956, 8.448949, 8.305045, 8.318463, 7.8737264]",677,"[7.962214469909668, 8.194178581237793, 7.714276313781738, 7.639003753662109, 5.408907890319824]","[7.388720512390137, 7.925969123840332, 6.726097583770752, 7.6359357833862305, 5.9986748695373535]","[7.380913734436035, 8.046360969543457, 6.472377777099609, 7.221580982208252, 5.050366401672363]","[8.176139831542969, 7.917236328125, 8.765954971313477, 7.825817108154297, 6.449820041656494]","[7.37269926071167, 8.310901641845703, 7.890132904052734, 8.018810272216797, 7.626449108123779]","[7.656137561798095, 8.078929328918457, 7.513767910003662, 7.668229579925537, 6.106843662261963]"
88,1217,"[1217, 7176, 19073, 1231, 1202]","{998, 903, 1065, 25004, 943, 719, 944, 25012, 7351, 24985, 892, 7230}","[8.726584, 8.646219, 8.736561, 7.7829666, 7.787272]",19073,"[7.239705562591553, 9.66236686706543, 9.532588005065918, 5.680408954620361, 7.155708312988281]","[6.825870037078857, 9.368934631347656, 9.23089599609375, 5.821873188018799, 7.753499507904053]","[6.894846439361572, 9.471996307373047, 9.363085746765137, 6.52006196975708, 7.866729736328125]","[7.131799221038818, 9.56505298614502, 9.16121768951416, 5.861719131469727, 7.516419887542725]","[7.081579685211182, 8.822601318359375, 8.720732688903809, 7.689479351043701, 7.007073879241943]","[7.034760189056397, 9.378190422058106, 9.201704025268555, 6.314708518981933, 7.459886264801026]"
89,1408,"[1408, 417, 1231, 197, 6778]","{704, 547, 996, 772, 839, 938, 943, 858, 862}","[9.5942, 9.609431, 8.719251, 8.643379, 8.764167]",417,"[9.442479133605957, 10.213345527648926, 8.14303207397461, 9.313465118408203, 7.485047817230225]","[8.772583961486816, 10.117968559265137, 7.096348762512207, 9.576645851135254, 7.568870544433594]","[8.638307571411133, 9.917295455932617, 6.859570503234863, 8.981161117553711, 7.5430145263671875]","[7.263004779815674, 9.670244216918945, 6.934304714202881, 8.542820930480957, 7.660762310028076]","[8.82188606262207, 9.5750732421875, 7.979106426239014, 9.741926193237305, 7.903233528137207]","[8.58765230178833, 9.898785400390626, 7.402472496032715, 9.231203842163087, 7.632185745239258]"
90,21897,"[21897, 1366, 15089, 7071, 16247]",,,-1,,,,,,
91,1231,"[1231, 621, 6989, 1217, 17629]",,,-1,,,,,,
92,1231,"[1231, 1525, 6778, 1217, 7394]",{1370},"[7.5319815, 7.563108, 7.2604823, 7.0204268, 6.448199]",1525,"[6.293898105621338, 8.574220657348633, 7.2378621101379395, 7.734586715698242, 4.232027530670166]","[6.327592849731445, 8.797962188720703, 7.142199516296387, 6.894410610198975, 3.7792246341705322]","[4.694312572479248, 8.349264144897461, 7.35873556137085, 7.5237860679626465, 4.286994457244873]","[4.823405742645264, 8.535200119018555, 6.9715447425842285, 6.967042446136475, 3.77660870552063]","[4.417564392089844, 8.415029525756836, 6.789756774902344, 7.151551723480225, 3.721968173980713]","[5.311354732513427, 8.534335327148437, 7.100019741058349, 7.254275512695313, 3.9593647003173826]"
93,1231,"[1231, 1047, 197, 1391, 7394]",,,-1,,,,,,
94,1231,"[1231, 1217, 792, 49, 1201]",,,-1,,,,,,
95,7394,"[7394, 1473, 8058, 7176, 14662]",{547},"[7.41275, 7.5390286, 7.3626027, 7.1387334, 6.9843583]",1473,"[6.244137287139893, 7.020473003387451, 7.009642601013184, 7.498111724853516, 6.030728340148926]","[5.4273858070373535, 7.450106620788574, 6.984714031219482, 6.9503960609436035, 5.686833381652832]","[6.012637615203857, 8.134246826171875, 6.246687412261963, 7.347712993621826, 6.394731521606445]","[5.915358543395996, 7.380096435546875, 6.248507499694824, 7.2181782722473145, 7.251713752746582]","[5.786097049713135, 7.650272846221924, 6.238021373748779, 7.353039264678955, 6.995441913604736]","[5.877123260498047, 7.5270391464233395, 6.5455145835876465, 7.273487663269043, 6.471889781951904]"
96,1231,"[1231, 621, 6186, 197, 1450]","{21127, 14100, 536, 670, 1188, 943, 26545, 26546, 26547, 26549, 26550, 26551, 26552, 26553, 26554, 26555, 25032, 7117, 7374, 7375, 7381, 15190, 21335, 15191, 21334, 13918, 992, 994, 996, 8421, 998, 17386, 14318, 8434, 7284, 1018, 637}","[10.883062, 8.787379, 10.919379, 8.151966, 7.2286916]",6186,"[9.366129875183105, 7.464931011199951, 7.140294551849365, 7.8435750007629395, 6.6345438957214355]","[10.335282325744629, 8.895649909973145, 6.936588764190674, 8.380694389343262, 7.167397975921631]","[9.609004974365234, 8.759708404541016, 6.778701305389404, 8.050037384033203, 6.767855167388916]","[9.279439926147461, 8.274308204650879, 7.27370023727417, 8.103828430175781, 6.828335285186768]","[8.673294067382812, 8.89781379699707, 5.945179462432861, 10.094942092895508, 6.258521556854248]","[9.452630233764648, 8.458482265472412, 6.814892864227295, 8.494615459442139, 6.7313307762146]"
97,23176,"[23176, 1044, 5236, 13504, 7391]","{26624, 26629, 26631, 26634, 26637, 26639, 6161, 2066, 26644, 6164, 26646, 26647, 26648, 2074, 26652, 26653, 6174, 26657, 26659, 26662, 26663, 26665, 26666, 26667, 26673, 10290, 12342, 26678, 66, 6227, 26708, 6229, 6230, 26714, 26715, 12384, 26725, 26726, 26728, 2156, 2157, 2158, 26734, 26745, 12410, 26748, 26759, 26760, 6292, 6294, 6295, 26775, 26777, 26781, 26782, 26783, 2208, 2209, 26786, 2211, 26788, 26789, 26785, 26794, 26798, 4276, 2479, 26810, 26811, 26813, 26817, 10434, 26818, 26820, 26821, 12487, 26826, 18647, 26839, 18650, 26844, 26845, 18654, 26846, 26848, 2487, 26849, 26851, 26853, 26854, 26855, 10476, 26860, 26864, 26865, 26867, 26871, 12536, 6395, 6398, 6399, 10496, 18694, 2310, 26887, 26893, 6567, 6419, 6420, 26900, 6568, 26902, 26904, 22809, 26905, 26909, 20766, 26910, 6570, 18724, 26923, 12588, 26924, 6451, 26942, 6464, 12609, 26946, 2369, 26948, 26949, 4416, 26951, 26952, 26954, 26958, 2385, 26961, 26963, 26964, 26965, 26967, 26970, 26972, 4445, 4446, 4447, 26976, 26975, 26978, 26980, 26981, 26987, 26989, 26990, 20847, 26991, 26994, 26995, 26996, 12661, 26998, 26999, 27000, 22905, 27001, 26997, 27004, 27005, 27006, 27007, 2519, 27011, 27012, 27013, 27014, 27015, 27016, 27017, 27018, 27019, 27020, 22924, 12686, 27022, 27024, 6546, 27027, 27028, 22933, 27030, 27031, 27032, 27033, 27034, 27035, 27036, 27029, 27038, 27039, 27040, 4513, 12705, 27043, 27044, 27045, 27046, 27047, 6565, 27049, 27050, 27051, 6566, 10669, 27054, 27055, 27056, 27057, 27058, 27059, 10676, 2485, 27062, 27063, 27064, 6585, 2490, 6586, 6587, 20921, 27070, 6591, 27072, 10689, 27074, 27075, 27076, 27073, 27071, 27079, 27080, 27081, 27082, 27083, 27086, 4559, 27087, 10702, 27090, 27091, 6612, 27093, 6614, 10711, 6616, 27097, 6618, 27099, 6620, 6621, 6622, 27103, 27102, 27105, 27100, 27107, 27108, 27109, 27110, 27112, 27114, 27116, 14829, 27118, 27119, 27120, 27121, 27117, 6643, 6644, 27125, 27126, 27127, 27128, 27129, 27130, 27131, 27124, 27133, 27134, 27135, 27137, 27140, 27142, 27143, 27145, 27146, 27147, 27148, 27149, 27150, 27151, 27152, 27153, 27154, 8725, 27158, 27159, 536, 27161, 27162, 27160, 27164, 27165, 27166, 27167, 6689, 27174, 27175, 27176, 27177, 27178, 27179, 27180, 27181, 27182, 27183, 27186, 2611, 27188, 2610, 2614, 27191, 2616, 27193, 27194, 27195, 27196, 8765, 27198, 27199, 27200, 27201, 27202, 27203, 27197, 14917, 23110, 27207, 27208, 27209, 586, 27210, 27212, 27213, 27214, 27215, 27216, 6737, 27218, 27217, 27220, 2645, 27222, 27223, 2648, 27225, 27224, 27227, 27226, 27229, 23134, 27231, 27232, 27230, 27234, 27233, 27236, 27237, 27235, 27239, 2662, 10857, 12906, 27243, 27264, 10881, 27266, 6796, 2701, 2702, 27279, 27280, 2703, 2700, 6803, 6804, 6805, 5016, 2706, 2704, 10905, 4766, 4767, 4768, 2718, 27299, 27309, 7057, 6835, 27319, 4792, 2751, 2752, 22935, 22936, 10959, 4816, 27346, 27348, 6869, 27349, 27010, 6879, 6886, 27368, 4841, 4844, 27372, 11140, 10996, 6910, 6912, 6914, 2824, 11021, 6927, 11029, 27416, 2852, 11047, 27026, 11051, 11057, 2882, 11078, 6983, 9038, 11088, 11092, 7000, 27488, 7010, 2924, 9073, 9078, 11138, 27524, 27525, 27526, 27527, 27528, 27529, 27530, 27531, 27532, 27533, 27534, 27535, 27536, 27537, 27538, 27539, 27540, 7061, 27541, 27542, 27543, 27544, 27546, 27545, 27547, 27548, 27549, 27550, 27551, 2977, 27552, 27554, 27556, 27557, 27558, 27559, 27553, 11170, 27565, 11181, 11183, 11185, 27570, 27573, 5060, 27591, 27594, 3021, 2636, 27060, 27061, 5085, 9187, 998, 21479, 27065, 3052, 21484, 5101, 5103, 5102, 27066, 1012, 27067, 2644, 27068, 27069, 2646, 13316, 13317, 13318, 13319, 15365, 11273, 13322, 5130, 5132, 11275, 2647, 13330, 7222, 9273, 3146, 19531, 19535, 10803, 7251, 11351, 5210, 1116, 1117, 11360, 3169, 3170, 3171, 3174, 19559, 3176, 5225, 5222, 3179, 3180, 3181, 27094, 27095, 27096, 23026, 11405, 5262, 11407, 27098, 5271, 11421, 11422, 5279, 5280, 11424, 11428, 5309, 5315, 1233, 11511, 11515, 3328, 3329, 13570, 3330, 9472, 23815, 27123, 21785, 3355, 11549, 3358, 7460, 7464, 7466, 7467, 7469, 5422, 7473, 7476, 5431, 5436, 7487, 15682, 23874, 7499, 9550, 7504, 7505, 3409, 23891, 23892, 23893, 7509, 11601, 7515, 3441, 5490, 21874, 3448, 3450, 11643, 15739, 11647, 11658, 11661, 15762, 11676, 15772, 5538, 5545, 15791, 15792, 27157, 15802, 9662, 15808, 1473, 11756, 11757, 1526, 1537, 5635, 1554, 11796, 11797, 15896, 5667, 1572, 1571, 15913, 5676, 1592, 11834, 1604, 15943, 5704, 15944, 5707, 11859, 27190, 15972, 15973, 27192, 11891, 15994, 11905, 5767, 16009, 23131, 16031, 27206, 1722, 11972, 11979, 11980, 5839, 3803, 3805, 12005, 16112, 16113, 5878, 16128, 5889, 5890, 5891, 5892, 12042, 26381, 16143, 12047, 10003, 26421, 1855, 5960, 5962, 16214, 3944, 3948, 12146, 3969, 6018, 3974, 12176, 12177, 6042, 4001, 12199, 26557, 26559, 26560, 16320, 6082, 26563, 10180, 26565, 10178, 26567, 6088, 10179, 10177, 26572, 26574, 26575, 6094, 12240, 26580, 12246, 26583, 26587, 26588, 10203, 26593, 12258, 26599, 26602, 26604, 26612, 26613, 26616, 26619, 12287}","[9.157809, 9.158038, 8.538972, 8.226922, 7.7312655]",1044,"[8.3021821975708, 8.217447280883789, 7.123736381530762, 8.072587013244629, 7.162405490875244]","[7.917366981506348, 8.311245918273926, 7.53769063949585, 7.8538432121276855, 7.084634304046631]","[8.056429862976074, 8.288653373718262, 8.200984001159668, 7.873841762542725, 7.246028900146484]","[8.558686256408691, 8.466439247131348, 7.967146873474121, 8.005069732666016, 7.20182466506958]","[8.312137603759766, 8.677300453186035, 7.500102996826172, 7.781737327575684, 7.16159200668335]","[8.229360580444336, 8.392217254638672, 7.6659321784973145, 7.917415809631348, 7.171297073364258]"
98,13979,"[13979, 12939, 1017, 6852, 6855]","{1188, 109}","[7.7816234, 7.8089743, 7.67329, 7.6987257, 7.5872965]",12939,"[5.5994977951049805, 7.275269031524658, 7.848550796508789, 7.610566139221191, 7.271856784820557]","[4.69924259185791, 7.064206600189209, 8.046627044677734, 7.373471260070801, 7.470778942108154]","[7.111614227294922, 6.798130989074707, 7.454952239990234, 7.116857051849365, 7.047977924346924]","[5.889037609100342, 6.746359825134277, 8.033819198608398, 6.754988670349121, 7.148921012878418]","[6.803423881530762, 7.0581889152526855, 7.5002970695495605, 6.9484171867370605, 7.005020618438721]","[6.020563220977783, 6.988431072235107, 7.776849269866943, 7.160860061645508, 7.188911056518554]"
99,1231,"[1231, 12272, 6446, 6186, 6778]","{27696, 27697, 27700, 27703, 27704, 27706, 27708, 27709, 27711, 27712, 27713, 27715, 27716, 27717, 27718, 27719, 27721, 27722, 27723, 27724, 27729, 27730, 27731, 27733, 27734, 27736, 27737, 27738, 27740, 27743, 27745, 27746, 27748, 27751, 27752, 27753, 27754, 27755, 27757, 27759, 27760, 27761, 27764, 27766, 27767, 27768, 27769, 27770, 27771, 27773, 27774, 27777, 27779, 27780, 27781, 27782, 27783, 27784, 27785, 27786, 23178, 27788, 27789, 27790, 23176, 24815, 23819, 23849, 23852, 23344, 24886, 23360, 23361, 23373, 23374, 23911, 23919, 23934}","[9.5460825, 8.078079, 6.884305, 7.8171444, 9.561611]",6778,"[8.276633262634277, 7.455989360809326, 7.5406718254089355, 7.462095737457275, 6.0107011795043945]","[6.711845874786377, 7.279661655426025, 7.000101089477539, 6.580371856689453, 6.353473663330078]","[7.750921249389648, 7.370532035827637, 7.041597843170166, 6.921310901641846, 6.194127082824707]","[9.643022537231445, 7.792964458465576, 7.601067066192627, 6.8569416999816895, 6.252501964569092]","[5.962585926055908, 7.01446008682251, 7.197185039520264, 6.631610870361328, 5.930179595947266]","[7.669001770019531, 7.3827215194702145, 7.276124572753906, 6.890466213226318, 6.148196697235107]"
100,197,"[197, 1047, 15089, 1217, 18724]",{1112},"[9.077261, 9.135909, 8.618443, 8.548876, 8.126759]",1047,"[9.386009216308594, 6.622645378112793, 8.681227684020996, 6.774808883666992, 6.022801876068115]","[9.022010803222656, 6.592959880828857, 9.117589950561523, 5.767301559448242, 6.89518404006958]","[8.274560928344727, 7.116836071014404, 8.823623657226562, 5.687678813934326, 6.784286975860596]","[8.500683784484863, 7.954848289489746, 8.751294136047363, 6.31900691986084, 6.387573719024658]","[8.750616073608398, 8.231719017028809, 8.931562423706055, 7.310165882110596, 6.857604026794434]","[8.786776161193847, 7.303801727294922, 8.8610595703125, 6.371792411804199, 6.589490127563477]"
101,197,"[197, 5236, 758, 839, 4347]","{27904, 24192, 27906, 24195, 6788, 27911, 3603, 27926, 27927, 27928, 24985, 27929, 27932, 797, 27936, 20001, 27938, 27943, 27947, 27949, 27954, 19893, 8378, 27895, 6973, 17346, 23494, 17355, 17356, 7886, 15312, 15313, 15314, 7891, 15319, 15321, 15322, 15325, 15326, 17379, 17380, 27877, 27879, 27880, 27881, 27882, 27883, 27884, 24173, 27885, 24172, 24191, 23793, 27891, 24179, 24182, 24183, 24184, 27897, 27900, 27903}","[8.063634, 7.8800974, 6.936928, 7.055497, 8.075242]",4347,"[8.22359561920166, 4.696865558624268, 6.896743297576904, 6.504630088806152, 7.208114147186279]","[7.918732166290283, 4.651692867279053, 7.139229774475098, 6.077086925506592, 7.221578121185303]","[7.791202068328857, 6.131284236907959, 7.383946895599365, 5.746716022491455, 6.254083633422852]","[8.284370422363281, 4.098851680755615, 6.5742669105529785, 5.766089916229248, 7.105201244354248]","[8.307578086853027, 5.196626663208008, 6.325016975402832, 6.078432083129883, 6.677502632141113]","[8.105095672607423, 4.955064201354981, 6.863840770721436, 6.034591007232666, 6.893295955657959]"
102,1231,"[1231, 1047, 197, 1391, 7394]",,,-1,,,,,,
103,1047,"[1047, 23176, 23361, 13504, 860]",,,-1,,,,,,
104,7395,"[7395, 7032, 21058, 1811, 7031]","{7170, 17543, 21898, 28303, 17680, 7057, 786, 28194, 5422, 1203, 6969, 443, 28481, 28102, 968, 1611, 6989, 28239, 14546, 1112, 858, 739, 998, 742, 8041, 14954, 28270, 759, 14330, 23293}","[7.451101, 7.452407, 6.9845715, 7.2961545, 7.252918]",7032,"[6.2455291748046875, 6.563272953033447, 6.218764781951904, 6.268843173980713, 6.486169338226318]","[6.490266799926758, 6.517122268676758, 6.764547824859619, 6.3373589515686035, 6.719279766082764]","[6.567007064819336, 6.218750476837158, 6.142916202545166, 6.118531703948975, 6.213186264038086]","[6.077437877655029, 6.332000255584717, 6.42440128326416, 6.223029136657715, 6.092668533325195]","[5.987919807434082, 6.750065803527832, 6.170148849487305, 6.488359451293945, 6.557955741882324]","[6.273632144927978, 6.476242351531982, 6.344155788421631, 6.28722448348999, 6.413851928710938]"
105,1047,"[1047, 6960, 8399, 13504, 7391]","{384, 14081, 28674, 7939, 772, 28677, 28678, 28679, 28680, 28681, 28675, 28673, 20876, 28685, 28684, 28687, 28690, 787, 28692, 28693, 28694, 20631, 28696, 28697, 28695, 28699, 28700, 28701, 28703, 28704, 28705, 290, 28707, 28706, 1316, 28672, 939, 7980, 941, 7344, 19893, 7993, 12991, 13254, 14025, 13005, 28662, 28665, 13407, 28691, 20626, 13410, 739, 20627, 613, 28666, 28667, 616, 28669, 28657, 28659, 28660, 28661, 28670, 28663, 28664, 14073, 14074, 14075, 14076, 14077, 15358, 15359}","[7.769096, 7.7696114, 6.5556903, 7.1800265, 6.3675594]",6960,"[3.9028475284576416, 5.872204780578613, 5.5682692527771, 5.289223670959473, 5.579830169677734]","[5.767812728881836, 6.600460052490234, 6.164126396179199, 4.879417419433594, 6.090219974517822]","[3.863973617553711, 5.354016304016113, 5.265137195587158, 4.537780284881592, 5.313598155975342]","[4.819599151611328, 5.639156341552734, 6.118926048278809, 4.904362678527832, 5.417593955993652]","[5.286909103393555, 6.437507629394531, 6.3641133308410645, 5.452469825744629, 6.097832679748535]","[4.728228425979614, 5.980669021606445, 5.896114444732666, 5.012650775909424, 5.699814987182617]"
106,23176,"[23176, 197, 1047, 15089, 621]",{547},"[7.407978, 7.5866327, 6.9805865, 7.083192, 7.016275]",197,"[7.152644157409668, 8.477762222290039, 4.933502197265625, 7.206764221191406, 6.892378330230713]","[7.28989839553833, 7.459469318389893, 5.413679599761963, 7.288381099700928, 7.17647647857666]","[7.219581127166748, 7.954154014587402, 6.927841663360596, 7.423908233642578, 7.072577953338623]","[7.217921733856201, 7.897424221038818, 5.251539707183838, 7.486873149871826, 6.778244495391846]","[7.512213706970215, 7.9411749839782715, 7.171522617340088, 7.215608596801758, 7.293076515197754]","[7.278451824188233, 7.945996952056885, 5.939617156982422, 7.324307060241699, 7.042550754547119]"
107,1231,"[1231, 197, 369, 417, 6778]","{22042, 22567, 17486, 1621, 12894, 609, 111, 15481, 634, 14470, 14471, 14472, 14473, 22151, 706, 707, 1218, 7369, 7381, 17624, 8431, 21232, 21233, 21234, 28929, 28930, 28932, 28933, 28934, 28935, 28936, 28937, 28939, 28940, 28941, 28942, 21263, 28944, 28946, 28947, 28948, 28949, 28950, 28953, 28955, 28956, 28957, 28958, 28959, 28960, 28961, 26401, 28963, 28964, 28965, 28966, 28967, 28968, 28969, 28962, 28971, 28972, 28973, 28974, 28975, 28976, 28977, 28978, 28979, 28980, 28981, 28982, 28983, 28984, 28985, 28987, 28988, 28989, 28991, 28992, 28993, 28995, 28997, 28998, 28999, 29001, 29002, 29003, 29004, 29005, 29007, 29008, 29009, 15187, 1370, 1404, 19863, 410, 8091, 929, 25510, 1448, 939, 446, 459, 468, 17191, 16174, 7148, 7150, 1521}","[10.994165, 9.94172, 8.588636, 9.483205, 10.999371]",6778,"[8.022637367248535, 7.738074779510498, 3.5540249347686768, 6.802396774291992, 8.130695343017578]","[7.5950608253479, 8.62506103515625, 3.9401519298553467, 6.587563991546631, 8.10793685913086]","[6.734019756317139, 6.567330837249756, 4.531029224395752, 5.714132785797119, 8.307487487792969]","[6.422403335571289, 6.741492748260498, 4.3635573387146, 6.139079570770264, 8.236499786376953]","[6.64504337310791, 7.733232498168945, 4.030570983886719, 5.862639904022217, 7.990800857543945]","[7.083832931518555, 7.481038379669189, 4.083866882324219, 6.221162605285644, 8.154684066772461]"
108,66,"[66, 1116, 1221, 12948, 786]","{7299, 772, 21895, 7050, 6412, 29076, 29078, 29079, 29087, 29100, 1594, 7483, 7487, 8000, 1604, 7237, 7499, 1368, 1387, 1526, 5239}","[7.752711, 7.5244093, 7.766629, 7.4093585, 6.989087]",1221,"[6.687987327575684, 6.941952228546143, 8.316731452941895, 6.373530864715576, 5.928472995758057]","[6.724735260009766, 6.872632026672363, 8.546279907226562, 6.3625383377075195, 5.623655319213867]","[5.767211437225342, 6.1750102043151855, 7.868860244750977, 6.000015735626221, 4.885146617889404]","[6.2495293617248535, 5.981879711151123, 8.122736930847168, 6.240599632263184, 4.92864990234375]","[6.716488361358643, 6.973939418792725, 8.970582008361816, 7.081800937652588, 5.987159252166748]","[6.429190349578858, 6.589082717895508, 8.365038108825683, 6.411697101593018, 5.470616817474365]"
109,6852,"[6852, 6854, 6856, 6853, 6850]","{7170, 995, 786, 7220, 858}","[9.121221, 9.122306, 9.080449, 9.015914, 8.942387]",6854,"[9.099252700805664, 9.27554702758789, 9.297552108764648, 8.868762016296387, 9.12591552734375]","[8.790206909179688, 8.673656463623047, 9.013007164001465, 8.783279418945312, 8.872525215148926]","[8.62679386138916, 9.317206382751465, 9.13661003112793, 8.99334716796875, 9.257408142089844]","[8.9901704788208, 8.97742748260498, 9.309810638427734, 8.8574800491333, 9.1273832321167]","[8.713930130004883, 9.079086303710938, 9.240161895751953, 8.642496109008789, 9.007701873779297]","[8.84407081604004, 9.064584732055664, 9.199428367614747, 8.829072952270508, 9.078186798095704]"
110,15116,"[15116, 23361, 860, 13504, 5712]","{1402, 767}","[6.6731725, 6.7161374, 6.067851, 5.9679923, 5.795791]",23361,"[5.331071853637695, 5.834188938140869, 5.837703227996826, 6.307046890258789, 6.243603229522705]","[5.242138385772705, 7.233818054199219, 6.023088455200195, 6.3921356201171875, 6.147618293762207]","[5.8580780029296875, 7.0536417961120605, 6.022515296936035, 6.293941020965576, 6.222813129425049]","[6.081579208374023, 6.37540864944458, 6.380781173706055, 6.619938850402832, 6.359720706939697]","[5.19342565536499, 6.201977729797363, 5.950294494628906, 6.210061550140381, 5.747776508331299]","[5.54125862121582, 6.5398070335388185, 6.042876529693603, 6.364624786376953, 6.144306373596192]"
111,7008,"[7008, 49, 1217, 5465, 7394]",{772},"[9.0133095, 9.061364, 8.910606, 8.458792, 8.191214]",49,"[7.208769798278809, 8.937700271606445, 7.828822135925293, 8.18566608428955, 6.7714996337890625]","[6.6117939949035645, 9.176538467407227, 8.890957832336426, 8.440030097961426, 6.184018611907959]","[9.123230934143066, 8.782273292541504, 7.913572788238525, 8.75653076171875, 6.5076727867126465]","[8.626425743103027, 9.087671279907227, 8.925995826721191, 8.516292572021484, 6.562990665435791]","[8.213842391967773, 8.689711570739746, 8.2807035446167, 8.55435562133789, 5.699326515197754]","[7.956812572479248, 8.93477897644043, 8.368010425567627, 8.49057502746582, 6.345101642608642]"
112,1047,"[1047, 1217, 1202, 7998, 1465]",,,-1,,,,,,
113,7008,"[7008, 5465, 17781, 8058, 21796]","{14849, 7170, 1543, 6170, 6171, 6172, 6174, 16417, 547, 25638, 7211, 1067, 13366, 21049, 20029, 1611, 1116, 1117, 13407, 26210, 13410, 13411, 7785, 621, 7301, 670, 671, 4767, 16551, 7336, 26285, 1201, 7464, 692, 182, 29956, 8384, 19651, 1226, 19659, 26317, 29905, 18131, 6360, 29914, 7390, 737, 29924, 13541, 29932, 1262, 8436, 1269, 1272, 8440, 29947, 1283, 7428, 29957, 29958, 29959, 7432, 29961, 29962, 29963, 29964, 16141, 29966, 5903, 29967, 29965, 29970, 29971, 29972, 29973, 8462, 29975, 29976, 29977, 29978, 29979, 29980, 29981, 29982, 29983, 29984, 1313, 29986, 29987, 29988, 29989, 29990, 29991, 29992, 29993, 29994, 29995, 29996, 29997, 29998, 29999, 30000, 30001, 30002, 30003, 30004, 821, 30006, 30007, 19768, 30009, 30010, 30011, 30012, 30013, 30014, 30008, 1339, 14660, 839, 7505, 7506, 27988, 30040, 30042, 30044, 7518, 19296, 1386, 1387, 30058, 16238, 30062, 23408, 17264, 1391, 30073, 17795, 13187, 17288, 6537, 6539, 6540, 28557, 6543, 8091, 1958, 14761, 938, 939, 430, 21422, 30005, 18869, 8119, 24504, 442, 446, 459, 461, 2519, 21978, 17885, 997, 15334, 999, 1000, 26089, 14824, 26092, 14831, 1007, 17905, 1010, 1012, 18933, 18934, 13086, 7163}","[7.9978147, 7.7596736, 7.9989376, 6.6996675, 6.9870768]",17781,"[7.619923114776611, 7.55451774597168, 5.840814113616943, 5.875975608825684, 6.3707990646362305]","[7.592434883117676, 6.894735813140869, 4.645843029022217, 6.109686851501465, 5.994484901428223]","[7.619778156280518, 7.350919246673584, 5.5364179611206055, 6.332865238189697, 6.614800930023193]","[7.198929786682129, 5.520527362823486, 4.911241054534912, 5.93415641784668, 5.54951810836792]","[7.212077617645264, 6.023425579071045, 3.9873528480529785, 5.878179550170898, 6.25167989730835]","[7.448628711700439, 6.668825149536133, 4.984333801269531, 6.026172733306884, 6.156256580352784]"
114,307,"[307, 1391, 6778, 15116, 1231]","{30080, 30081, 30082, 30083, 30090, 30092, 30093, 30097, 30100, 536, 30116, 30119, 30120, 30122, 30123, 30124, 30125, 943, 19377, 30137, 30146, 586, 30158, 998, 1000, 13547, 8434, 1016, 4477, 30078}","[8.825797, 8.023615, 8.841597, 7.7142625, 7.70192]",6778,"[7.607390403747559, 7.447645664215088, 7.71470308303833, 7.36984395980835, 6.1819353103637695]","[7.315017223358154, 7.095474720001221, 7.788783073425293, 7.505257606506348, 6.4339494705200195]","[7.468374252319336, 7.378996849060059, 7.725934982299805, 7.091679573059082, 5.8429694175720215]","[7.282070636749268, 7.608813762664795, 8.063827514648438, 7.568055152893066, 6.590994358062744]","[7.5714335441589355, 7.721604347229004, 7.801851749420166, 7.742556095123291, 6.695244312286377]","[7.448857212066651, 7.450507068634034, 7.819020080566406, 7.455478477478027, 6.349018573760986]"
115,1231,"[1231, 1391, 7395, 14588, 17781]",,,-1,,,,,,
116,1231,"[1231, 1047, 197, 1391, 7394]",,,-1,,,,,,
117,768,"[768, 6414, 14824, 1516, 5238]",{7109},"[8.460489, 8.6132555, 8.164999, 8.2513485, 7.658006]",6414,"[7.2905073165893555, 8.523087501525879, 8.129181861877441, 7.849344253540039, 6.845494270324707]","[7.225207805633545, 8.656363487243652, 8.268887519836426, 8.537109375, 6.440263748168945]","[8.289995193481445, 8.623120307922363, 8.503856658935547, 7.970591068267822, 6.750189781188965]","[7.789781093597412, 8.968873023986816, 8.36162281036377, 8.504267692565918, 6.4477338790893555]","[7.394218444824219, 8.647522926330566, 8.177031517028809, 8.613351821899414, 6.701780796051025]","[7.597941970825195, 8.683793449401856, 8.288116073608398, 8.294932842254639, 6.6370924949646]"
118,1231,"[1231, 6186, 6446, 12272, 197]",,,-1,,,,,,
119,459,"[459, 828, 1200, 7395, 14954]","{1053, 12437}","[5.347403, 5.361115, 5.4609222, 4.8373585, 4.915578]",1200,"[5.079643249511719, 5.776588439941406, 6.168459415435791, 4.714015007019043, 5.529107093811035]","[4.965571880340576, 6.039772033691406, 5.758912563323975, 4.975354194641113, 4.938755035400391]","[5.189820289611816, 5.372269153594971, 6.052639007568359, 5.0600128173828125, 4.939553737640381]","[5.281036376953125, 5.585839748382568, 5.880378246307373, 4.166512489318848, 4.854025840759277]","[5.173715591430664, 5.6137237548828125, 6.110291004180908, 4.054020881652832, 5.142143249511719]","[5.13795747756958, 5.6776386260986325, 5.994136047363281, 4.59398307800293, 5.080716991424561]"
120,369,"[369, 1231, 15116, 5712, 8433]","{13190, 1471}","[9.199006, 9.302774, 8.32864, 7.774122, 7.6614513]",1231,"[5.3016276359558105, 8.247234344482422, 6.70440149307251, 8.449921607971191, 7.247385025024414]","[5.834592342376709, 7.7589111328125, 6.962603569030762, 8.262887001037598, 7.08144998550415]","[5.564151287078857, 8.023115158081055, 6.626292705535889, 8.331329345703125, 7.335853099822998]","[5.566971778869629, 7.97804069519043, 6.898183822631836, 8.100714683532715, 7.294347763061523]","[5.969827651977539, 7.889355659484863, 6.825370788574219, 8.23548412322998, 7.537345886230469]","[5.647434139251709, 7.979331398010254, 6.803370475769043, 8.276067352294922, 7.299276351928711]"
121,12948,"[12948, 1044, 1554, 6778, 8058]","{1473, 8450, 6914, 1605, 1009, 12754, 7476, 1526, 24185, 17594, 1053, 24191}","[8.316474, 8.077657, 7.886468, 8.339051, 7.7127347]",6778,"[7.027907371520996, 7.716292381286621, 6.9145073890686035, 7.738177299499512, 6.321012020111084]","[7.985187530517578, 7.63041877746582, 7.913978099822998, 7.406717300415039, 7.114673137664795]","[7.6209235191345215, 7.189816474914551, 7.362375259399414, 7.702897548675537, 5.752566814422607]","[7.249154090881348, 7.9502387046813965, 7.950040340423584, 8.168567657470703, 7.588523864746094]","[8.401168823242188, 8.247842788696289, 8.436437606811523, 7.294306755065918, 8.082300186157227]","[7.656868267059326, 7.746921825408935, 7.715467739105224, 7.662133312225341, 6.971815204620361]"
122,6778,"[6778, 21897, 7467, 6852, 839]",,,-1,,,,,,
123,1044,"[1044, 23176, 1047, 25781, 7337]","{461, 790, 858, 443, 13148}","[7.634528, 7.66322, 7.138106, 7.321607, 6.8477054]",23176,"[7.500730037689209, 7.284874439239502, 5.462123870849609, 7.2833733558654785, 6.605921745300293]","[7.866861343383789, 7.404893398284912, 5.757964611053467, 7.4378180503845215, 6.610638618469238]","[7.721261024475098, 7.356523513793945, 6.1935553550720215, 7.3610310554504395, 6.765422821044922]","[7.555654525756836, 6.909331798553467, 5.687459945678711, 7.819494247436523, 6.337548732757568]","[7.743720531463623, 7.395391941070557, 5.0774407386779785, 7.406404495239258, 6.466070652008057]","[7.677645492553711, 7.270203018188477, 5.635708904266357, 7.461624240875244, 6.557120513916016]"
124,1473,"[1473, 6778, 860, 23361, 5236]",{197},"[7.35509, 7.405128, 7.3275876, 7.0083194, 6.978417]",6778,"[7.088812351226807, 7.241970062255859, 7.164950847625732, 6.603176116943359, 6.746189594268799]","[7.771781921386719, 6.325106620788574, 6.36555814743042, 6.522974967956543, 7.447836399078369]","[7.33528470993042, 6.991787433624268, 6.308376789093018, 6.379940032958984, 6.5266876220703125]","[7.4899187088012695, 7.111352920532227, 6.651986598968506, 6.996212482452393, 6.522905349731445]","[7.783280372619629, 6.302750110626221, 6.848322868347168, 7.125316143035889, 7.069300651550293]","[7.493815612792969, 6.794593429565429, 6.667839050292969, 6.725523948669434, 6.862583923339844]"
125,5238,"[5238, 1554, 461, 8058, 1473]",,,-1,,,,,,
126,1231,"[1231, 1047, 197, 1391, 7394]",,,-1,,,,,,
127,1231,"[1231, 1047, 197, 1391, 7394]",,,-1,,,,,,
128,6778,"[6778, 17781, 1391, 21897, 5712]",,,-1,,,,,,
129,1366,"[1366, 21897, 6852, 6853, 1554]","{997, 7432, 1007, 1041, 27955, 439, 27452}","[10.000976, 10.022686, 9.503658, 9.455067, 9.404908]",21897,"[8.465826034545898, 10.395247459411621, 9.238227844238281, 9.583924293518066, 9.678735733032227]","[8.682452201843262, 10.203766822814941, 9.070089340209961, 9.31091594696045, 9.257994651794434]","[8.348278999328613, 10.421241760253906, 9.37132740020752, 9.288288116455078, 8.993280410766602]","[8.59913158416748, 10.114181518554688, 9.664205551147461, 9.318310737609863, 9.147110939025879]","[8.461417198181152, 10.399106979370117, 9.452507972717285, 8.904572486877441, 9.583684921264648]","[8.511421203613281, 10.306708908081054, 9.359271621704101, 9.28120231628418, 9.332161331176758]"
130,6778,"[6778, 8449, 1387, 20631, 12700]","{1552, 13330, 1555, 20513, 1571, 49, 13366, 1079, 13368, 1611, 1616, 81, 1628, 5239, 19598, 19608, 14502, 684, 14540, 29906, 14547, 13525, 1752, 13535, 13541, 1289, 7435, 14611, 6422, 1819, 1312, 15139, 5422, 25400, 35642, 35643, 14652, 35645, 35644, 7491, 1347, 35656, 35657, 35658, 35660, 35661, 35662, 35663, 35664, 35665, 35666, 35667, 35668, 35669, 1370, 35679, 1376, 17248, 35682, 35688, 35691, 35692, 17265, 35698, 35700, 8580, 22414, 7057, 23450, 16283, 1448, 1465, 1473, 21961, 12753, 20951, 19428, 999, 16359, 1005, 7668, 12791, 14847}","[10.083711, 10.086077, 8.356997, 9.530301, 7.5912943]",8449,"[8.294209480285645, 6.942237854003906, 7.527804851531982, 8.331985473632812, 5.9559831619262695]","[8.638258934020996, 7.115715980529785, 7.451596260070801, 7.739907741546631, 6.583847999572754]","[8.535841941833496, 7.25162935256958, 7.2916717529296875, 7.332370281219482, 6.910676002502441]","[8.318284034729004, 7.0624518394470215, 7.4971232414245605, 7.768074989318848, 6.470652103424072]","[8.421019554138184, 7.221263408660889, 7.386699676513672, 6.874019622802734, 5.7174296379089355]","[8.441522789001464, 7.1186596870422365, 7.430979156494141, 7.609271621704101, 6.3277177810668945]"
131,1231,"[1231, 14588, 7008, 80, 438]",,,-1,,,,,,
132,6852,"[6852, 6853, 6855, 6850, 6856]","{7299, 17543, 7176, 13198, 547, 1574, 13228, 35757, 1197, 16690, 1075, 947, 1334, 14648, 7099, 17214, 1473, 7239, 1352, 14794, 21201, 17239, 856, 13412, 13413, 36070, 8426, 239, 1011, 14588}","[9.495266, 9.497991, 9.364841, 8.955209, 8.767239]",6853,"[9.0006742477417, 9.0908784866333, 9.031513214111328, 9.053603172302246, 8.459184646606445]","[9.277894020080566, 9.088788032531738, 8.994318008422852, 9.0528564453125, 8.662148475646973]","[9.189714431762695, 9.158409118652344, 9.059694290161133, 8.566798210144043, 8.708308219909668]","[9.049798965454102, 9.074328422546387, 8.964512825012207, 8.901646614074707, 8.633460998535156]","[8.98488712310791, 9.233281135559082, 9.127472877502441, 8.830953598022461, 8.592780113220215]","[9.100593757629394, 9.12913703918457, 9.035502243041993, 8.881171607971192, 8.611176490783691]"
133,6480,"[6480, 1012, 4340, 1123, 7943]","{18696, 1473, 670}","[6.707052, 6.527155, 6.7566257, 6.4997783, 6.3952208]",4340,"[4.5550689697265625, 6.394762992858887, 5.987050533294678, 6.010860919952393, 5.482297420501709]","[4.443774700164795, 6.398217678070068, 6.2050604820251465, 6.055417537689209, 5.945560932159424]","[4.441014289855957, 6.489296913146973, 6.42897891998291, 6.181508541107178, 6.011472225189209]","[5.499446392059326, 6.330053329467773, 6.073964595794678, 6.1762919425964355, 6.253387928009033]","[4.895893096923828, 6.227609634399414, 5.600005626678467, 5.939918041229248, 6.083481788635254]","[4.767039489746094, 6.367988109588623, 6.059012031555175, 6.072799396514893, 5.955240058898926]"
134,6960,"[6960, 2787, 7395, 407, 6616]","{36359, 1547, 26141, 1571, 37411, 36393, 16429, 8756, 1590, 7237, 5190, 37454, 21587, 36453, 5235, 5238, 5239, 36470, 1697, 37028, 18618, 37055, 37059, 37573, 37062, 37070, 37582, 18647, 18653, 37089, 3303, 18156, 14576, 37105, 37618, 37117, 14606, 16144, 37137, 36627, 37655, 37144, 5914, 36636, 36641, 1827, 36654, 5422, 36665, 7998, 8001, 37191, 37201, 37204, 25430, 25944, 1368, 37216, 8039, 36725, 18294, 38775, 37240, 21369, 37243, 4989, 37248, 37761, 37249, 36231, 36752, 37271, 37272, 37274, 36251, 37278, 37281, 36772, 36261, 36780, 37294, 943, 36784, 36276, 20920, 36284, 1471, 37313, 36802, 37321, 37324, 37332, 36312, 37340, 37341, 36338, 36850, 37365}","[10.15327, 10.153343, 9.225216, 8.903713, 8.328891]",2787,"[9.736401557922363, 8.187979698181152, 7.802183628082275, 8.802153587341309, 7.721582889556885]","[9.758186340332031, 8.30893611907959, 8.267603874206543, 8.735493659973145, 7.663204193115234]","[9.934333801269531, 8.003199577331543, 7.984025478363037, 8.571998596191406, 7.759768009185791]","[9.574196815490723, 8.360909461975098, 8.119595527648926, 8.5706205368042, 7.390688419342041]","[9.82529067993164, 8.016938209533691, 8.01134204864502, 8.957216262817383, 7.638236999511719]","[9.765681838989257, 8.175592613220214, 8.03695011138916, 8.727496528625489, 7.634696102142334]"
135,1231,"[1231, 23361, 6778, 307, 4340]","{325, 23945, 38861, 38965, 1116}","[7.078693, 6.8392353, 7.0923724, 6.565167, 6.6718836]",6778,"[7.274065971374512, 7.282896041870117, 6.930576801300049, 7.237142562866211, 6.605937957763672]","[7.219005584716797, 7.178014755249023, 6.549978256225586, 7.270747184753418, 4.16748046875]","[5.486423969268799, 6.782810688018799, 6.43116569519043, 6.956088066101074, 6.583094120025635]","[6.998650074005127, 6.791537284851074, 6.478775978088379, 7.372717380523682, 6.552577495574951]","[6.331791877746582, 6.807911396026611, 6.638512134552002, 7.227270126342773, 6.577024936676025]","[6.6619874954223635, 6.968634033203125, 6.605801773071289, 7.212793064117432, 6.097222995758057]"
136,1231,"[1231, 14588, 1069, 6186, 17781]","{1029, 18950, 18957, 1039, 1040, 18959, 1044, 25620, 1046, 1048, 27688, 1064, 1070, 7220, 1121, 25193, 619, 1137, 15476, 39028, 15478, 39031, 39032, 39034, 39037, 39038, 39039, 39040, 39041, 39042, 39043, 39045, 1159, 39048, 39049, 39054, 39055, 19086, 39059, 39061, 39063, 39064, 19096, 670, 39075, 7332, 1193, 21164, 1200, 25781, 1212, 33473, 1218, 708, 1226, 734, 27872, 13546, 14572, 36083, 20725, 8439, 8451, 7428, 7943, 13087, 803, 14627, 17196, 828, 834, 8037, 24437, 1408, 384, 899, 14731, 16270, 19854, 16275, 417, 28581, 18870, 18890, 18916, 18917, 997, 1002, 1003, 1010, 1012, 1013, 1526, 15356, 15358}","[9.418101, 8.885689, 9.422614, 7.679995, 8.592291]",1069,"[7.285431861877441, 8.158945083618164, 7.882364749908447, 6.922929763793945, 6.130882740020752]","[3.3037381172180176, 8.289118766784668, 8.453900337219238, 7.069117069244385, 6.340337753295898]","[7.08491849899292, 8.886979103088379, 7.798086166381836, 6.87554407119751, 6.3892083168029785]","[5.614411354064941, 8.203298568725586, 7.769621849060059, 6.98041296005249, 6.537557601928711]","[3.197514772415161, 7.779986381530762, 8.31121826171875, 6.7747344970703125, 6.089160442352295]","[5.297202920913696, 8.263665580749512, 8.043038272857666, 6.9245476722717285, 6.297429370880127]"
137,1231,"[1231, 6186, 12272, 6446, 621]","{713, 19978, 1561, 39087, 39088, 55, 39090, 66, 39092, 1611, 1116, 613, 14954, 37499, 22653, 126, 39103, 39077, 39078, 15527, 39080, 39081, 39079, 39083, 39086, 15535, 15536, 39089, 15538, 15539, 15540, 15541, 39094, 39095, 39096, 39097, 39098, 39099, 39100, 39093, 20671, 39104, 39105, 706, 39107, 39108, 39109, 39110, 39111, 39112, 39106, 39114, 39115, 39116, 39117, 39118, 39119, 39120, 39121, 39122, 39123, 20700, 39125, 39126, 39127, 39128, 39129, 39130, 39131, 39132, 20699, 39134, 39135, 39136, 39137, 39138, 39139, 39140, 39141, 39142, 39143, 39144, 39146, 39148, 39149, 39150, 39151, 39152, 39153, 15090, 39155, 39156, 39157, 39158, 39159, 39160, 39161, 15098, 39163, 39164, 17149, 17150, 17151, 39168, 17153, 39169, 39171, 39172, 39173, 39174, 39175, 39176, 39170, 39178, 39179, 39180, 39181, 39182, 39183, 39184, 39185, 39186, 39187, 39188, 39189, 39190, 39191, 39192, 39193, 39194, 39196, 39197, 39198, 39200, 39201, 39203, 39205, 39208, 19269, 19275, 19278, 5463, 32606, 7010, 14708, 3963, 39154, 7051, 6032, 6033, 6034, 6035, 6036, 4509, 39162, 941, 943, 944, 17327, 946, 27574, 39165, 23799, 39166, 27582, 8434, 39167, 4549, 27591, 27593, 14299, 5084, 992, 993, 1000, 1526, 1018, 1019}","[12.431958, 12.433589, 10.13108, 10.062631, 8.918578]",6186,"[8.492255210876465, 8.357134819030762, 8.865921020507812, 9.037006378173828, 7.5952019691467285]","[10.623457908630371, 8.435355186462402, 8.932489395141602, 8.787361145019531, 7.547567844390869]","[8.600945472717285, 8.28956413269043, 9.009695053100586, 9.00108814239502, 7.408973693847656]","[8.348797798156738, 8.211003303527832, 9.038787841796875, 9.085514068603516, 7.748907566070557]","[10.740012168884277, 8.03102970123291, 8.884714126586914, 8.832429885864258, 7.3644118309021]","[9.361093711853027, 8.264817428588866, 8.946321487426758, 8.94867992401123, 7.533012580871582]"
138,1231,"[1231, 197, 369, 1408, 17629]","{10, 20493, 29207, 2584, 8216, 2586, 8219, 8218, 2590, 21551, 17471, 17472, 17473, 578, 17475, 17478, 17481, 935, 17510, 12903, 17511, 22130, 39264, 13960, 12939, 22158, 12945, 13974, 13978, 12956, 13981, 13982, 13980, 39211, 12962, 675, 13988, 7333, 12966, 39212, 39213, 12977, 20658, 39215, 17594, 39216, 13507, 13508, 7365, 13510, 8394, 8395, 716, 8397, 8403, 6361, 8410, 8411, 17628, 8424, 8425, 8430, 14064, 15091, 17653, 22265, 772, 29450, 5900, 5901, 5902, 787, 17183, 17184, 7457, 17186, 17187, 17188, 21796, 15142, 15143, 39210, 6955, 6956, 13101, 6958, 6959, 6957, 17713, 17714, 39218, 39220, 39221, 39222, 13111, 13112, 39225, 39226, 39227, 39224, 39223, 39230, 24384, 39232, 322, 15170, 39236, 39237, 39238, 39239, 39240, 39241, 39242, 39243, 39235, 39245, 27983, 39247, 39251, 15189, 39254, 39253, 39256, 39257, 24410, 39259, 39258, 39262, 35168, 39265, 35170, 39267, 39266, 39269, 39270, 39271, 39272, 39273, 39274, 39275, 39278, 39279, 39281, 39282, 17267, 39284, 39283, 21366, 39287, 39288, 39290, 17275, 39292, 39291, 39295, 39296, 39297, 21378, 39299, 39300, 39298, 39304, 39309, 39310, 39311, 39313, 39316, 39319, 39320, 39321, 39322, 39323, 13213, 39326, 39327, 39329, 39330, 17315, 39332, 39333, 17316, 39335, 39334, 17321, 17322, 938, 39331, 39341, 39342, 941, 39343, 39344, 39346, 39345, 39348, 430, 21937, 39351, 39352, 39354, 39355, 39356, 39358, 39359, 39360, 39361, 39362, 2495, 7108, 39365, 39366, 39367, 39368, 39364, 39370, 39371, 21452, 39373, 39374, 39375, 39376, 39377, 39378, 39379, 39380, 39381, 39383, 39385, 39386, 39387, 39389, 17375, 17376, 15331, 997, 17382, 3561, 27629, 13227, 19959, 17400, 19965}","[13.26968, 13.270232, 10.616155, 8.912486, 9.379963]",197,"[11.113635063171387, 9.071292877197266, 5.694176197052002, 6.973430633544922, 6.625892639160156]","[8.369555473327637, 8.922788619995117, 5.4041337966918945, 7.742810249328613, 6.8711748123168945]","[11.159690856933594, 8.842060089111328, 5.569483757019043, 7.268203258514404, 6.488445281982422]","[9.619597434997559, 8.421195030212402, 5.8307366371154785, 5.5513834953308105, 6.671263694763184]","[7.914579391479492, 8.811555862426758, 6.004823684692383, 5.779359340667725, 6.764866828918457]","[9.635411643981934, 8.813778495788574, 5.70067081451416, 6.663037395477295, 6.684328651428222]"
139,6852,"[6852, 6855, 6853, 1231, 6854]","{14560, 547, 524, 39470, 20847, 369, 1402}","[7.4211974, 7.327874, 7.4236994, 6.920751, 6.9193473]",6853,"[6.683835506439209, 6.572850704193115, 6.528421401977539, 7.7078938484191895, 6.544011116027832]","[6.489981174468994, 6.580254554748535, 6.699935436248779, 8.27281665802002, 6.251228332519531]","[6.379128932952881, 6.236631393432617, 6.20430326461792, 4.604263782501221, 6.233347415924072]","[6.608120441436768, 6.57574462890625, 6.620850563049316, 7.4386796951293945, 6.794598579406738]","[7.045552730560303, 6.984925270080566, 6.848590850830078, 7.796337127685547, 6.897396087646484]","[6.641323757171631, 6.590081310272216, 6.580420303344726, 7.163998222351074, 6.5441163063049315]"
140,1231,"[1231, 7394, 7351, 1072, 155]",,,-1,,,,,,
141,1231,"[1231, 1217, 6989, 621, 7998]",,,-1,,,,,,
142,14824,"[14824, 7394, 1231, 1516, 768]","{772, 7047, 39816, 40078, 7056, 13458, 1044, 669, 6690, 1572, 938, 7466, 6971, 1471, 8001, 66, 1605, 13518, 6865, 1621, 7517, 7393, 993, 4840, 6638, 5235, 1402}","[9.883233, 9.883475, 9.743211, 8.492213, 8.197185]",7394,"[9.420801162719727, 6.613257884979248, 8.9277982711792, 8.164481163024902, 6.262612819671631]","[9.584467887878418, 6.618790626525879, 10.00980281829834, 8.09600830078125, 6.041660785675049]","[9.433171272277832, 6.783697128295898, 9.876399993896484, 8.229434967041016, 6.831238746643066]","[9.53097915649414, 7.28373384475708, 8.950788497924805, 7.313000202178955, 5.999314785003662]","[9.542142868041992, 5.1103105545043945, 10.90241813659668, 8.529011726379395, 6.143208026885986]","[9.502312469482423, 6.4819580078125, 9.7334415435791, 8.066387271881103, 6.255607032775879]"
