user,rec,score
0,21897,9.599583625793457
0,1366,9.5717191696167
0,17781,8.801799774169922
0,6852,8.449341773986816
0,6853,8.379327774047852
0,6855,8.373102188110352
0,6778,8.313027381896973
0,7503,8.251517295837402
0,1554,8.057940483093262
0,6850,7.83270263671875
0,1067,7.753788948059082
0,7467,7.7485246658325195
0,15089,7.730362415313721
0,7071,7.561424255371094
0,6851,7.512564182281494
0,6854,7.506466388702393
0,7464,7.4635186195373535
0,16247,7.45314359664917
0,6856,7.406805515289307
0,13562,7.329852104187012
1,7394,9.923409461975098
1,6778,8.633484840393066
1,15116,7.693944931030273
1,719,7.414405345916748
1,786,7.332632541656494
1,1627,7.310141086578369
1,7473,7.2803568840026855
1,803,7.2791266441345215
1,14662,7.25332498550415
1,4340,7.246431350708008
1,1231,7.23722505569458
1,20631,7.209149360656738
1,4341,7.207733154296875
1,22526,7.2041015625
1,21460,7.105319499969482
1,1611,7.100849151611328
1,1233,7.026631832122803
1,8433,6.981937885284424
1,49,6.972144603729248
1,7506,6.969855785369873
2,1231,9.987171173095703
2,197,9.290095329284668
2,369,9.025559425354004
2,1450,8.752875328063965
2,621,7.777557373046875
2,1408,7.387228965759277
2,307,7.068262577056885
2,6778,7.028720855712891
2,18106,7.00894832611084
2,17629,6.968794822692871
2,1623,6.829538822174072
2,17290,6.728991985321045
2,4340,6.655437469482422
2,4341,6.611786365509033
2,1458,6.600995063781738
2,803,6.5766706466674805
2,1588,6.543873310089111
2,15396,6.531436443328857
2,23361,6.5234808921813965
2,7393,6.518860816955566
3,1047,6.104714870452881
3,5148,5.93176794052124
3,8058,5.660538196563721
3,6700,5.515693664550781
3,1200,5.195281982421875
3,13968,4.92535400390625
3,1717,4.838080406188965
3,897,4.64404821395874
3,6183,4.6375579833984375
3,13504,4.634413242340088
3,13539,4.5487284660339355
3,1526,4.508561134338379
3,7943,4.453574180603027
3,6253,4.405515193939209
3,19560,4.302791595458984
3,1005,4.25860071182251
3,18606,4.2549519538879395
3,3639,4.221735000610352
3,15089,4.207523822784424
3,15022,4.137293338775635
4,1231,9.731831550598145
4,1477,8.856963157653809
4,1005,8.414312362670898
4,6868,7.43167781829834
4,14588,7.3651862144470215
4,16135,7.219513893127441
4,614,7.036561965942383
4,938,7.003900051116943
4,6412,6.922667503356934
4,13979,6.812740325927734
4,459,6.692079544067383
4,536,6.690093517303467
4,6857,6.626593112945557
4,7389,6.507183074951172
4,968,6.494202136993408
4,13541,6.473268985748291
4,8001,6.450281620025635
4,7349,6.361815929412842
4,6452,6.356289386749268
4,1217,6.331864833831787
5,21064,6.896131992340088
5,21058,6.846695899963379
5,7395,6.681415557861328
5,21056,6.657874584197998
5,461,5.013192653656006
5,21046,4.957986831665039
5,21052,4.932682514190674
5,66,4.911760330200195
5,21065,4.910529136657715
5,1000,4.906668186187744
5,1605,4.891679763793945
5,1116,4.805536270141602
5,21063,4.765938758850098
5,15098,4.68536901473999
5,924,4.607111930847168
5,19119,4.51526403427124
5,15539,4.4246368408203125
5,11805,4.393184185028076
5,12878,4.34263277053833
5,15537,4.234623432159424
6,197,10.119848251342773
6,369,9.44078540802002
6,1231,9.437575340270996
6,1450,9.09937572479248
6,17629,8.904918670654297
6,621,8.869721412658691
6,1408,8.673362731933594
6,6778,8.624897003173828
6,860,8.48083209991455
6,7173,8.332531929016113
6,332,8.153120994567871
6,1391,8.12240982055664
6,710,8.104580879211426
6,1046,8.101457595825195
6,903,8.041820526123047
6,15396,8.026939392089844
6,884,8.023221969604492
6,12962,7.963791847229004
6,1623,7.921700954437256
6,803,7.835625171661377
7,21058,8.108216285705566
7,21056,8.00234603881836
7,21064,7.862334728240967
7,7061,7.7470502853393555
7,7395,7.724061965942383
7,7032,7.525801658630371
7,1811,7.387624263763428
7,7031,7.357991695404053
7,2732,7.336980819702148
7,1729,7.333906173706055
7,1894,7.318427562713623
7,5037,7.302009105682373
7,7042,7.274581432342529
7,15098,7.264347076416016
7,6999,7.2319016456604
7,7012,7.2124834060668945
7,6510,7.205681324005127
7,7039,7.134283542633057
7,6744,7.098159313201904
7,7038,7.093870639801025
8,1231,11.111920356750488
8,369,9.393890380859375
8,197,9.167181015014648
8,18106,8.014585494995117
8,13190,7.927459239959717
8,6807,7.801373481750488
8,1563,7.753668308258057
8,6778,7.655898571014404
8,1408,7.595119476318359
8,4341,7.484766960144043
8,4340,7.4740519523620605
8,1458,7.4308695793151855
8,17290,7.398951530456543
8,6446,7.245047569274902
8,20631,7.2420525550842285
8,12272,7.240875244140625
8,792,7.170531749725342
8,597,7.105783462524414
8,12681,7.091197967529297
8,1450,7.087287902832031
9,6778,7.233338832855225
9,7337,7.086824893951416
9,1458,6.991049766540527
9,12681,6.7733635902404785
9,1231,6.609231472015381
9,1588,6.595612525939941
9,4340,6.5613932609558105
9,4341,6.511631488800049
9,6990,6.418644428253174
9,7173,6.417802333831787
9,24218,6.416024208068848
9,24207,6.409768581390381
9,7393,6.378575801849365
9,919,6.368186950683594
9,8398,6.36665678024292
9,15116,6.346339702606201
9,446,6.262698650360107
9,4349,6.261843681335449
9,4347,6.200113773345947
9,4353,6.163577556610107
10,1231,3.4295661449432373
10,1047,2.9227378368377686
10,197,2.529250144958496
10,1391,2.508662462234497
10,7394,2.4305431842803955
10,17781,2.387928009033203
10,12948,2.224564552307129
10,6778,2.208725690841675
10,1473,2.1207728385925293
10,12939,2.0673136711120605
10,7057,2.0368261337280273
10,1217,1.8680164813995361
10,15116,1.8026844263076782
10,15089,1.7869560718536377
10,6718,1.7680368423461914
10,1554,1.6163712739944458
10,14824,1.607153058052063
10,7395,1.5709846019744873
10,7008,1.5376882553100586
10,943,1.5302413702011108
11,7394,10.473578453063965
11,1465,8.87116527557373
11,7107,8.477291107177734
11,14824,8.308423042297363
11,49,7.581068515777588
11,837,7.512142658233643
11,622,7.506690979003906
11,1231,7.462684154510498
11,6854,7.449419975280762
11,7338,7.158327579498291
11,9757,7.060624122619629
11,13295,7.050082206726074
11,6856,7.039313316345215
11,1088,6.957671165466309
11,6852,6.94606351852417
11,6415,6.92007303237915
11,17630,6.898502826690674
11,719,6.892769813537598
11,665,6.875020980834961
11,20631,6.871485710144043
12,7395,9.323707580566406
12,622,8.810858726501465
12,13321,8.736419677734375
12,12710,8.532479286193848
12,6685,8.45014476776123
12,6744,8.406580924987793
12,1729,8.374632835388184
12,16285,8.329474449157715
12,5333,8.23863410949707
12,6778,8.226619720458984
12,1525,8.224291801452637
12,9119,8.221976280212402
12,7032,8.219809532165527
12,12698,8.208256721496582
12,1811,8.166852951049805
12,7031,8.132254600524902
12,5037,8.117302894592285
12,1894,8.110578536987305
12,6893,8.110082626342773
12,21058,8.10996150970459
13,1047,10.619843482971191
13,6974,9.844258308410645
13,1202,9.106416702270508
13,15089,8.959925651550293
13,14588,8.620112419128418
13,1366,8.473999977111816
13,13539,8.439953804016113
13,1005,8.386175155639648
13,7998,8.352288246154785
13,13198,8.330306053161621
13,6448,8.218297958374023
13,16858,8.195212364196777
13,126,8.125970840454102
13,13979,8.075868606567383
13,17631,8.049129486083984
13,614,8.035721778869629
13,1717,8.018450736999512
13,19996,7.988055229187012
13,12858,7.943522930145264
13,21897,7.93510627746582
14,6852,9.036465644836426
14,6855,8.97948932647705
14,6853,8.748806953430176
14,1554,8.296957969665527
14,6778,8.28201675415039
14,6850,8.12646198272705
14,6854,8.045930862426758
14,6856,7.78292989730835
14,19996,7.652362823486328
14,17781,7.602009296417236
14,6851,7.535861492156982
14,7503,7.195310115814209
14,21897,7.113368511199951
14,5465,7.066707611083984
14,837,7.066254615783691
14,15089,7.04888391494751
14,13317,7.034559726715088
14,946,6.985373020172119
14,14747,6.972854137420654
14,25142,6.95042610168457
15,1231,9.562665939331055
15,1202,8.751731872558594
15,14588,8.509921073913574
15,7998,8.00207233428955
15,1465,7.728038311004639
15,1217,7.48156213760376
15,1047,7.205080032348633
15,7176,7.18212366104126
15,6974,7.175829887390137
15,19073,7.044074535369873
15,7461,7.012432098388672
15,627,7.001648426055908
15,1334,6.717202186584473
15,7386,6.647900104522705
15,1602,6.559253215789795
15,8010,6.512553691864014
15,7395,6.471267223358154
15,4731,6.46806526184082
15,13295,6.459353923797607
15,614,6.455113410949707
16,1047,9.744017601013184
16,8058,8.68753433227539
16,1537,8.273799896240234
16,13979,8.064335823059082
16,17543,7.967242240905762
16,1217,7.9102067947387695
16,6085,7.778061389923096
16,8010,7.762674331665039
16,15089,7.603298187255859
16,1597,7.527852535247803
16,1202,7.457705974578857
16,18724,7.405778408050537
16,16247,7.3799824714660645
16,13005,7.360881328582764
16,6974,7.349629878997803
16,13539,7.275567531585693
16,1005,7.238776206970215
16,1495,7.238751411437988
16,12967,7.181928634643555
16,19996,7.115783214569092
17,860,7.589555263519287
17,461,6.601456642150879
17,6960,6.475951671600342
17,23346,6.397857189178467
17,23345,6.291789531707764
17,23818,6.120899200439453
17,23176,6.074352741241455
17,8058,6.046125888824463
17,12878,5.699761390686035
17,12948,5.600967884063721
17,5148,5.59589958190918
17,767,5.579837322235107
17,23374,5.566713809967041
17,23919,5.4282379150390625
17,7476,5.413911819458008
17,1044,5.405322074890137
17,18606,5.401949882507324
17,1116,5.365650177001953
17,4353,5.3639655113220215
17,23372,5.360123157501221
18,1231,9.401236534118652
18,13295,8.604033470153809
18,49,7.843350887298584
18,1217,7.791745185852051
18,7394,7.230895519256592
18,1516,6.8475470542907715
18,1210,6.821249485015869
18,6186,6.668243885040283
18,6360,6.644328594207764
18,994,6.56497049331665
18,12272,6.53020715713501
18,6446,6.513129711151123
18,6414,6.287032127380371
18,1537,6.258634567260742
18,6085,6.245343208312988
18,1202,6.104130744934082
18,155,6.062530994415283
18,1714,5.9578938484191895
18,13588,5.859740257263184
18,792,5.813265323638916
19,438,7.582637310028076
19,7047,7.556163311004639
19,1231,7.43587589263916
19,719,7.421728134155273
19,7000,7.395232677459717
19,459,7.258967399597168
19,792,7.077027797698975
19,4341,6.9571099281311035
19,4340,6.8805460929870605
19,7461,6.765834331512451
19,1604,6.755312442779541
19,7008,6.734467506408691
19,7057,6.7156243324279785
19,15358,6.703845024108887
19,5465,6.670226573944092
19,19073,6.616435527801514
19,7349,6.611227512359619
19,14954,6.568236827850342
19,5238,6.556967258453369
19,7503,6.540694236755371
20,5238,8.373202323913574
20,1047,8.148665428161621
20,8058,7.921564102172852
20,6778,7.91654634475708
20,25781,7.906405448913574
20,15116,7.817408561706543
20,12681,7.7740559577941895
20,23176,7.650856971740723
20,12948,7.585911273956299
20,5712,7.488583564758301
20,21897,7.459392070770264
20,1391,7.394775867462158
20,17781,7.382741451263428
20,16247,7.343329429626465
20,1473,7.301981449127197
20,1554,7.252715587615967
20,15089,7.251217842102051
20,7406,7.222466945648193
20,7323,7.214417934417725
20,332,7.182629108428955
21,1231,12.454954147338867
21,13295,9.936208724975586
21,1408,9.846334457397461
21,1597,8.999403953552246
21,13541,8.97729778289795
21,7431,8.179267883300781
21,1477,8.176101684570312
21,12272,8.107508659362793
21,6446,8.089993476867676
21,1537,8.069056510925293
21,6186,8.029760360717773
21,14588,7.902349948883057
21,417,7.79500150680542
21,13979,7.689907073974609
21,7389,7.670182704925537
21,1563,7.391939640045166
21,13588,7.348321437835693
21,6868,7.225117206573486
21,1217,7.215703010559082
21,17629,7.143910884857178
22,21897,9.179553031921387
22,6778,8.773336410522461
22,12681,8.136638641357422
22,8454,8.111579895019531
22,1458,7.856082916259766
22,12948,7.828699588775635
22,6990,7.63895845413208
22,1611,7.368974208831787
22,7503,7.338983535766602
22,5465,7.273065567016602
22,16247,7.2541913986206055
22,821,7.247952938079834
22,332,7.234711647033691
22,4340,7.084341526031494
22,4341,7.069097995758057
22,4349,7.048122882843018
22,5676,7.040908336639404
22,4347,7.0127387046813965
22,4353,6.985551834106445
22,16429,6.970844745635986
23,1231,3.4295661449432373
23,1047,2.9227378368377686
23,197,2.529250144958496
23,1391,2.508662462234497
23,7394,2.4305431842803955
23,17781,2.387928009033203
23,12948,2.224564552307129
23,6778,2.208725690841675
23,1473,2.1207728385925293
23,12939,2.0673136711120605
23,7057,2.0368261337280273
23,1217,1.8680164813995361
23,15116,1.8026844263076782
23,15089,1.7869560718536377
23,6718,1.7680368423461914
23,1554,1.6163712739944458
23,14824,1.607153058052063
23,7395,1.5709846019744873
23,7008,1.5376882553100586
23,943,1.5302413702011108
24,1231,11.317997932434082
24,1217,9.482046127319336
24,7394,9.209833145141602
24,13295,9.09011459350586
24,6186,8.761392593383789
24,49,8.688308715820312
24,1525,8.293366432189941
24,7431,8.037459373474121
24,13541,8.023691177368164
24,6989,8.020583152770996
24,119,7.875419616699219
24,12272,7.838247776031494
24,792,7.8351030349731445
24,6446,7.773566722869873
24,7107,7.675764083862305
24,307,7.664272308349609
24,1201,7.6620402336120605
24,13503,7.549883842468262
24,14600,7.5498175621032715
24,30,7.515084743499756
25,15116,6.157040596008301
25,369,5.895505905151367
25,1231,5.856324672698975
25,7337,5.709377765655518
25,1511,5.479807376861572
25,5712,5.295592784881592
25,6778,5.209483623504639
25,1594,5.1846771240234375
25,7511,5.088069438934326
25,14662,5.079617023468018
25,5238,5.05656623840332
25,1588,5.056335926055908
25,7378,4.941066265106201
25,443,4.9176716804504395
25,13194,4.8940815925598145
25,4340,4.818012237548828
25,1347,4.810924053192139
25,7504,4.775113582611084
25,4341,4.774003505706787
25,4349,4.630599498748779
26,17781,8.133909225463867
26,6778,7.508383274078369
26,1366,7.483602046966553
26,1391,7.481452465057373
26,21897,7.2279052734375
26,307,7.171316623687744
26,772,7.007832050323486
26,5770,6.67885160446167
26,15090,6.621495723724365
26,5437,6.589879035949707
26,14588,6.526706695556641
26,13410,6.48974084854126
26,12710,6.463468074798584
26,768,6.398948669433594
26,7943,6.3656439781188965
26,13198,6.327076435089111
26,1069,6.267269134521484
26,15089,6.250770092010498
26,6816,6.209795951843262
26,1047,6.1480021476745605
27,6778,8.316572189331055
27,15366,7.518453121185303
27,15116,7.479898929595947
27,803,7.406543731689453
27,15402,7.370443344116211
27,15404,7.317077159881592
27,15382,7.313895225524902
27,4340,7.190274715423584
27,12681,7.1865153312683105
27,15369,7.180197715759277
27,24218,7.170582294464111
27,12948,7.164693355560303
27,15379,7.16016149520874
27,4341,7.154760837554932
27,24207,7.124945640563965
27,6412,7.0969319343566895
27,432,7.069843769073486
27,4349,7.049898147583008
27,4353,7.044628143310547
27,4347,7.016571044921875
28,1391,8.286208152770996
28,7394,7.824563503265381
28,6778,7.570631980895996
28,1017,7.533039569854736
28,1047,7.303202152252197
28,1606,7.258895397186279
28,18950,7.238562107086182
28,15116,7.041510105133057
28,17781,7.0368332862854
28,15090,6.895760536193848
28,417,6.892511367797852
28,7992,6.853277683258057
28,12982,6.723674774169922
28,21796,6.596397876739502
28,17543,6.5738348960876465
28,860,6.503968715667725
28,803,6.482599258422852
28,7395,6.478511333465576
28,16238,6.46934700012207
28,1387,6.417637825012207
29,7176,8.555439949035645
29,1047,7.512093544006348
29,853,7.304751873016357
29,761,7.28347635269165
29,8015,7.132951736450195
29,6974,7.12358283996582
29,5466,7.10483455657959
29,1554,7.074812412261963
29,689,7.019030570983887
29,856,6.829304218292236
29,13317,6.746164798736572
29,837,6.725295543670654
29,7785,6.66325569152832
29,6857,6.616683483123779
29,1614,6.556811809539795
29,13333,6.545039653778076
29,665,6.403489112854004
29,7943,6.3482890129089355
29,9472,6.329351902008057
29,1465,6.293728351593018
30,7351,7.688465595245361
30,7972,7.56419038772583
30,11820,7.151018142700195
30,12939,6.998913288116455
30,758,6.847184181213379
30,622,6.718003273010254
30,1017,6.585906028747559
30,13562,6.574730396270752
30,7391,6.525599956512451
30,7394,6.518616676330566
30,20631,6.42100191116333
30,15477,6.400488376617432
30,17630,6.384098529815674
30,1473,6.3313775062561035
30,3974,6.318618297576904
30,859,6.299347400665283
30,197,6.2874627113342285
30,417,6.282194137573242
30,7000,6.270737171173096
30,16141,6.251935958862305
31,1047,9.23444652557373
31,1217,8.822322845458984
31,1202,8.291197776794434
31,7998,7.9063825607299805
31,13333,7.676441192626953
31,14588,7.663740634918213
31,6974,7.577564239501953
31,4731,7.469368934631348
31,1005,7.462777137756348
31,7461,7.307971000671387
31,1465,7.247143268585205
31,13539,7.221671104431152
31,7386,7.053423881530762
31,7992,7.011993885040283
31,614,6.961049556732178
31,8010,6.939181327819824
31,17543,6.934716701507568
31,1312,6.775944709777832
31,19073,6.5848259925842285
31,17631,6.5745086669921875
32,1537,9.092488288879395
32,6816,7.639893054962158
32,14662,7.3736419677734375
32,15116,7.352293968200684
32,5712,7.304327964782715
32,307,7.255176067352295
32,1231,6.924494743347168
32,6085,6.865034103393555
32,7943,6.840874195098877
32,6700,6.794552803039551
32,1543,6.731834411621094
32,1123,6.652312278747559
32,6778,6.64578104019165
32,1594,6.561285495758057
32,7208,6.505805969238281
32,16800,6.496947288513184
32,1471,6.451804161071777
32,8080,6.443136215209961
32,458,6.4212751388549805
32,8058,6.373054027557373
33,15089,8.260353088378906
33,6778,8.250007629394531
33,12681,8.090662002563477
33,17781,7.968647480010986
33,1391,7.869439601898193
33,197,7.819514274597168
33,4353,7.761547565460205
33,4347,7.720321178436279
33,4349,7.700689315795898
33,5238,7.690694332122803
33,1458,7.561868667602539
33,1554,7.536685466766357
33,12948,7.492806911468506
33,23176,7.43459415435791
33,5236,7.357299327850342
33,20631,7.327444553375244
33,860,7.139699459075928
33,5676,7.127368927001953
33,21897,7.116605758666992
33,21931,7.047204494476318
34,1047,8.724225997924805
34,7391,8.32126522064209
34,1116,8.065892219543457
34,7394,7.977548122406006
34,6960,7.9314866065979
34,6917,7.859063625335693
34,66,7.711460590362549
34,8399,7.561686038970947
34,7333,7.539943218231201
34,15116,7.389488220214844
34,1217,7.337784767150879
34,1202,7.295006275177002
34,6989,7.283233642578125
34,7998,7.279469013214111
34,994,7.199138164520264
34,1602,7.161340713500977
34,786,7.129294395446777
34,7135,7.123054027557373
34,1516,7.1037421226501465
34,23361,7.0608086585998535
35,6778,8.601305961608887
35,17781,8.146427154541016
35,7008,7.824173450469971
35,197,7.822270393371582
35,21897,7.59207820892334
35,1391,7.590780735015869
35,21796,7.518646240234375
35,16247,7.459208965301514
35,839,7.452993392944336
35,6254,7.268128871917725
35,5712,7.244787693023682
35,4353,6.8454413414001465
35,6990,6.833797931671143
35,4340,6.828754425048828
35,4347,6.802717208862305
35,4349,6.78543758392334
35,4341,6.753341197967529
35,772,6.744907855987549
35,18950,6.728997230529785
35,6718,6.70217752456665
36,332,7.095158100128174
36,860,7.067868232727051
36,1003,6.799873352050781
36,903,6.528295040130615
36,6778,6.397293567657471
36,12962,6.298922538757324
36,5712,6.14018440246582
36,15089,6.079411506652832
36,21379,5.918880462646484
36,32413,5.867780685424805
36,897,5.795469760894775
36,32103,5.7771172523498535
36,23361,5.77473783493042
36,1012,5.764928817749023
36,15090,5.734769344329834
36,23176,5.710721492767334
36,6718,5.69180154800415
36,32410,5.686140060424805
36,23346,5.6746134757995605
36,17068,5.6580281257629395
37,8058,8.283173561096191
37,1044,8.249429702758789
37,1047,8.112701416015625
37,15089,7.860902786254883
37,897,6.84163236618042
37,12948,6.82679557800293
37,6969,6.764987945556641
37,17543,6.716525554656982
37,8015,6.560615539550781
37,1117,6.505306720733643
37,66,6.38560152053833
37,21931,6.338515758514404
37,6778,6.303490161895752
37,13504,6.2491068840026855
37,20631,6.1790947914123535
37,12939,6.149525165557861
37,12679,6.117578506469727
37,6974,6.111846446990967
37,1116,6.104407787322998
37,1386,6.098948001861572
38,307,8.736176490783691
38,1391,8.391655921936035
38,1231,8.333556175231934
38,6778,8.32547664642334
38,4340,7.562018871307373
38,5712,7.5140767097473145
38,21897,7.508595943450928
38,6990,7.4587836265563965
38,4341,7.452087879180908
38,17781,7.395328998565674
38,6718,7.387253761291504
38,803,7.378716945648193
38,4353,7.361655235290527
38,4347,7.313609600067139
38,4349,7.27207088470459
38,15089,7.161251544952393
38,15366,7.1060333251953125
38,12681,7.051589488983154
38,197,7.0510029792785645
38,15402,7.0212082862854
39,6410,7.635396480560303
39,18106,6.891225337982178
39,1477,6.834070682525635
39,7503,6.805114269256592
39,6412,6.60388708114624
39,417,6.490301609039307
39,1366,6.488612174987793
39,7173,6.487996578216553
39,4341,6.447976112365723
39,6990,6.445925235748291
39,4340,6.43189001083374
39,21897,6.398370265960693
39,3603,6.376350402832031
39,677,6.358614921569824
39,24218,6.34072208404541
39,13460,6.333719730377197
39,12948,6.306389331817627
39,24207,6.301405429840088
39,1458,6.298821449279785
39,1121,6.2723708152771
40,7395,7.435500621795654
40,13546,7.210226058959961
40,7176,6.552443027496338
40,12698,6.472362995147705
40,7241,6.467322826385498
40,939,6.379122734069824
40,7473,6.133549213409424
40,941,6.125038146972656
40,6685,6.1241021156311035
40,1729,6.1226983070373535
40,8001,6.116182804107666
40,944,6.053029537200928
40,613,6.037304878234863
40,536,5.708832263946533
40,1465,5.674901008605957
40,1870,5.642960071563721
40,6104,5.535038948059082
40,2369,5.501637935638428
40,11805,5.404666900634766
40,997,5.396119594573975
41,1047,10.530548095703125
41,6974,8.356277465820312
41,1005,7.956383228302002
41,15089,7.953171730041504
41,7176,7.3100056648254395
41,13539,7.179108619689941
41,897,7.155190944671631
41,25781,7.047389984130859
41,18724,7.0325093269348145
41,8015,7.0018439292907715
41,1202,6.72398567199707
41,7993,6.638637542724609
41,13504,6.573416233062744
41,12858,6.5497965812683105
41,5148,6.549436092376709
41,21931,6.536361217498779
41,468,6.47410249710083
41,23176,6.463467597961426
41,13469,6.453064441680908
41,6965,6.425751686096191
42,1231,7.730930805206299
42,6807,7.506721496582031
42,6778,7.382704257965088
42,21796,7.108224391937256
42,7394,7.028905391693115
42,13460,6.896042823791504
42,13979,6.689403057098389
42,443,6.543894290924072
42,6855,6.5386199951171875
42,6852,6.52391242980957
42,6853,6.4720234870910645
42,17781,6.469784259796143
42,6186,6.436580657958984
42,7431,6.430455207824707
42,6410,6.419633388519287
42,49,6.405673027038574
42,80,6.337727069854736
42,14684,6.326137065887451
42,6850,6.315551280975342
42,1458,6.266299724578857
43,23176,7.5592169761657715
43,1047,7.506054878234863
43,1217,6.697353839874268
43,6965,6.69638204574585
43,968,6.604188442230225
43,6253,6.401735305786133
43,622,6.378621578216553
43,761,6.28964376449585
43,13413,6.084116458892822
43,1010,6.013181209564209
43,13539,6.004391193389893
43,7176,6.004297733306885
43,1465,5.932819843292236
43,18606,5.85153341293335
43,5148,5.811444282531738
43,7464,5.655468463897705
43,627,5.655346393585205
43,13504,5.618687152862549
43,5236,5.605652332305908
43,7491,5.571233749389648
44,1231,8.345724105834961
44,197,7.1417236328125
44,12948,6.844150066375732
44,6412,6.387281894683838
44,1477,6.207833290100098
44,621,6.1778411865234375
44,1005,6.066965579986572
44,6778,5.9076247215271
44,7057,5.8704752922058105
44,6807,5.73513126373291
44,23176,5.694513320922852
44,1458,5.6653361320495605
44,6186,5.594442367553711
44,12681,5.576030731201172
44,1072,5.574726104736328
44,332,5.551296710968018
44,12272,5.544997692108154
44,155,5.533336639404297
44,6446,5.527482509613037
44,3603,5.526777267456055
45,1231,7.958791255950928
45,12939,7.671666622161865
45,1072,7.021860122680664
45,6412,7.000210762023926
45,13552,6.736387252807617
45,792,6.705837726593018
45,155,6.697755813598633
45,7000,6.683075904846191
45,49,6.558835029602051
45,4341,6.277134895324707
45,16141,6.267119884490967
45,6186,6.2406792640686035
45,1217,6.236114025115967
45,4340,6.235087871551514
45,23936,6.114949703216553
45,1516,6.111995697021484
45,13112,6.030757427215576
45,586,6.022484302520752
45,13460,6.019974231719971
45,6917,5.845834255218506
46,1231,3.4295661449432373
46,1047,2.9227378368377686
46,197,2.529250144958496
46,1391,2.508662462234497
46,7394,2.4305431842803955
46,17781,2.387928009033203
46,12948,2.224564552307129
46,6778,2.208725690841675
46,1473,2.1207728385925293
46,12939,2.0673136711120605
46,7057,2.0368261337280273
46,1217,1.8680164813995361
46,15116,1.8026844263076782
46,15089,1.7869560718536377
46,6718,1.7680368423461914
46,1554,1.6163712739944458
46,14824,1.607153058052063
46,7395,1.5709846019744873
46,7008,1.5376882553100586
46,943,1.5302413702011108
47,1047,8.779727935791016
47,8058,7.2710466384887695
47,13504,6.756374359130859
47,1200,6.355997085571289
47,897,6.3472089767456055
47,13333,6.276690483093262
47,1217,6.237336158752441
47,7387,6.055525302886963
47,860,6.007095813751221
47,903,5.901730537414551
47,7992,5.775092601776123
47,13539,5.734309673309326
47,6974,5.728083610534668
47,1044,5.697799205780029
47,1086,5.665283203125
47,6718,5.647249698638916
47,15089,5.637094020843506
47,828,5.596607685089111
47,1537,5.591137886047363
47,7051,5.564915657043457
48,1231,3.4295494556427
48,1047,2.9228570461273193
48,197,2.5294227600097656
48,1391,2.5087990760803223
48,7394,2.4305970668792725
48,17781,2.3880350589752197
48,12948,2.224714756011963
48,6778,2.208869457244873
48,1473,2.1208114624023438
48,12939,2.0673787593841553
48,7057,2.036942958831787
48,1217,1.8680105209350586
48,15116,1.8028737306594849
48,15089,1.7870981693267822
48,6718,1.7681819200515747
48,1554,1.6164581775665283
48,14824,1.6072382926940918
48,7395,1.5710244178771973
48,7008,1.5377671718597412
48,943,1.5302324295043945
49,1231,3.4295661449432373
49,1047,2.9227378368377686
49,197,2.529250144958496
49,1391,2.508662462234497
49,7394,2.4305431842803955
49,17781,2.387928009033203
49,12948,2.224564552307129
49,6778,2.208725690841675
49,1473,2.1207728385925293
49,12939,2.0673136711120605
49,7057,2.0368261337280273
49,1217,1.8680164813995361
49,15116,1.8026844263076782
49,15089,1.7869560718536377
49,6718,1.7680368423461914
49,1554,1.6163712739944458
49,14824,1.607153058052063
49,7395,1.5709846019744873
49,7008,1.5376882553100586
49,943,1.5302413702011108
50,6852,8.516918182373047
50,6853,8.307292938232422
50,1047,8.242331504821777
50,6974,8.226372718811035
50,6850,8.212037086486816
50,6855,8.166658401489258
50,1537,7.98409366607666
50,1017,7.778396129608154
50,13979,7.733688831329346
50,6854,7.69013786315918
50,6856,7.653109550476074
50,18724,7.6125993728637695
50,443,7.5120625495910645
50,1366,7.366527557373047
50,17781,7.284454345703125
50,15089,7.178465366363525
50,6851,7.044281482696533
50,12939,6.8958282470703125
50,1067,6.837921619415283
50,531,6.8187713623046875
51,1044,7.530391693115234
51,12948,6.961883544921875
51,994,6.539491176605225
51,8015,6.377885818481445
51,1065,6.070014476776123
51,758,6.031124591827393
51,1555,5.706857204437256
51,6969,5.637082576751709
51,13330,5.5112690925598145
51,13317,5.501206874847412
51,12939,5.47007942199707
51,6965,5.466748237609863
51,622,5.463335037231445
51,939,5.4622111320495605
51,1605,5.460671901702881
51,15089,5.421701908111572
51,7391,5.400155067443848
51,21931,5.378647327423096
51,23176,5.279616355895996
51,613,5.271208763122559
52,6852,8.197704315185547
52,6854,8.032438278198242
52,6855,8.018658638000488
52,6853,7.820006847381592
52,837,7.7744598388671875
52,6856,7.5970139503479
52,6850,7.561461925506592
52,5465,7.06846809387207
52,13317,6.960704803466797
52,6851,6.8484787940979
52,14747,6.6814866065979
52,7503,6.33389139175415
52,1465,5.964068412780762
52,689,5.9222235679626465
52,6415,5.850424766540527
52,12939,5.79371976852417
52,19996,5.79119873046875
52,6857,5.769066333770752
52,6973,5.731966018676758
52,7008,5.6929755210876465
53,1231,3.4295661449432373
53,1047,2.9227378368377686
53,197,2.529250144958496
53,1391,2.508662462234497
53,7394,2.4305431842803955
53,17781,2.387928009033203
53,12948,2.224564552307129
53,6778,2.208725690841675
53,1473,2.1207728385925293
53,12939,2.0673136711120605
53,7057,2.0368261337280273
53,1217,1.8680164813995361
53,15116,1.8026844263076782
53,15089,1.7869560718536377
53,6718,1.7680368423461914
53,1554,1.6163712739944458
53,14824,1.607153058052063
53,7395,1.5709846019744873
53,7008,1.5376882553100586
53,943,1.5302413702011108
54,6852,8.492765426635742
54,6853,8.395013809204102
54,6855,8.354325294494629
54,6410,8.279839515686035
54,14588,8.16569995880127
54,1514,8.118721008300781
54,13979,7.932615756988525
54,6850,7.865127086639404
54,1366,7.783542156219482
54,6856,7.7176289558410645
54,17781,7.694798469543457
54,6854,7.587039470672607
54,1554,7.586284160614014
54,12939,7.557117938995361
54,7406,7.5385661125183105
54,7008,7.4959235191345215
54,5465,7.275481700897217
54,6085,7.2044477462768555
54,6807,7.0983405113220215
54,7935,7.081970691680908
55,1231,10.126107215881348
55,6412,7.630611419677734
55,417,7.408997058868408
55,197,7.35366153717041
55,12272,7.336450576782227
55,6446,7.318934440612793
55,7000,6.835488319396973
55,1005,6.833059310913086
55,1072,6.81174898147583
55,155,6.770360469818115
55,12939,6.6963958740234375
55,6186,6.565592288970947
55,13541,6.486216068267822
55,614,6.470569610595703
55,13552,6.362044334411621
55,12948,6.3297553062438965
55,1017,6.3217926025390625
55,597,6.321170806884766
55,17180,6.255224704742432
55,792,6.254698753356934
56,7176,7.094508647918701
56,6974,6.488632678985596
56,1465,6.281662464141846
56,19377,6.056887149810791
56,1614,5.995457649230957
56,1870,5.966528415679932
56,1047,5.883021354675293
56,2752,5.854844570159912
56,12698,5.811570167541504
56,622,5.749522686004639
56,837,5.700076580047607
56,6685,5.690674304962158
56,761,5.660552501678467
56,1605,5.659477710723877
56,627,5.609365940093994
56,6253,5.564690589904785
56,8015,5.560273170471191
56,689,5.5398759841918945
56,1729,5.495739459991455
56,939,5.398220539093018
57,5465,7.3748393058776855
57,943,7.262073993682861
57,719,6.984261512756348
57,6778,6.912265777587891
57,1554,6.811119556427002
57,19996,6.5929646492004395
57,13979,6.433235168457031
57,6855,6.406924724578857
57,6852,6.36934232711792
57,837,6.346410751342773
57,1605,6.315667629241943
57,669,6.305495738983154
57,1714,6.137571811676025
57,6854,6.135839939117432
57,7349,6.070071697235107
57,6853,6.061907768249512
57,4477,6.056090831756592
57,12939,6.02082633972168
57,613,5.955613613128662
57,941,5.953010082244873
58,1231,3.4295661449432373
58,1047,2.9227378368377686
58,197,2.529250144958496
58,1391,2.508662462234497
58,7394,2.4305431842803955
58,17781,2.387928009033203
58,12948,2.224564552307129
58,6778,2.208725690841675
58,1473,2.1207728385925293
58,12939,2.0673136711120605
58,7057,2.0368261337280273
58,1217,1.8680164813995361
58,15116,1.8026844263076782
58,15089,1.7869560718536377
58,6718,1.7680368423461914
58,1554,1.6163712739944458
58,14824,1.607153058052063
58,7395,1.5709846019744873
58,7008,1.5376882553100586
58,943,1.5302413702011108
59,14588,7.269533634185791
59,17781,7.076045989990234
59,7998,6.989748954772949
59,768,6.768867492675781
59,1448,6.720531940460205
59,1047,6.6429009437561035
59,14662,6.571143627166748
59,1231,6.480764865875244
59,7457,6.298567295074463
59,1602,6.280357360839844
59,12272,6.207957744598389
59,6446,6.180060863494873
59,6700,6.108003616333008
59,7107,6.077441692352295
59,1471,6.072039604187012
59,6778,6.025999546051025
59,13198,6.016936302185059
59,1005,6.011216640472412
59,1366,5.981690883636475
59,7461,5.865961074829102
60,461,10.365531921386719
60,7061,10.010064125061035
60,998,9.9895601272583
60,21064,9.884099960327148
60,21058,9.774088859558105
60,21056,9.49981689453125
60,1402,8.898773193359375
60,21055,8.555680274963379
60,12681,8.467714309692383
60,2369,8.080229759216309
60,21046,7.754559516906738
60,21052,7.721006870269775
60,21065,7.705761432647705
60,6744,7.674668312072754
60,7032,7.666420936584473
60,4353,7.631416320800781
60,4349,7.603734493255615
60,4347,7.550638675689697
60,21063,7.528246879577637
60,15098,7.5269246101379395
61,13552,8.188597679138184
61,7176,7.989170551300049
61,1714,7.968325138092041
61,468,7.853222370147705
61,1217,7.6499714851379395
61,19073,7.591610431671143
61,614,7.567910194396973
61,1473,7.517405986785889
61,8460,7.406296253204346
61,1047,7.280144214630127
61,7461,7.175466060638428
61,1005,7.1090874671936035
61,1044,7.108964443206787
61,1516,7.108830451965332
61,11181,6.9823384284973145
61,1202,6.936304569244385
61,7000,6.923160076141357
61,5236,6.780232906341553
61,150,6.6460652351379395
61,15358,6.621086597442627
62,7061,4.595762729644775
62,7395,3.3904058933258057
62,860,2.9627492427825928
62,7032,2.8804471492767334
62,6744,2.8222596645355225
62,1811,2.736081600189209
62,15098,2.703339099884033
62,7031,2.690434694290161
62,6718,2.6608288288116455
62,998,2.648263454437256
62,4353,2.6400020122528076
62,6510,2.6264984607696533
62,5037,2.607473134994507
62,7042,2.5867607593536377
62,6960,2.5784199237823486
62,1894,2.565725564956665
62,15539,2.5526721477508545
62,2732,2.529905080795288
62,4349,2.4897444248199463
62,4347,2.4893100261688232
63,1231,8.469834327697754
63,6412,6.968390941619873
63,12948,6.527717113494873
63,7000,6.341124534606934
63,307,6.209136962890625
63,5238,6.121463298797607
63,12272,6.111706256866455
63,7047,6.10348653793335
63,4340,6.093059539794922
63,197,6.084178447723389
63,7406,6.066842079162598
63,19906,6.0566487312316895
63,4341,6.0543599128723145
63,6778,6.043904781341553
63,6990,5.962278842926025
63,6446,5.9602370262146
63,15366,5.949718952178955
63,803,5.930699348449707
63,21897,5.922435760498047
63,1072,5.909684658050537
64,197,8.88094711303711
64,1391,8.67181396484375
64,1231,8.04487133026123
64,7394,7.907585620880127
64,6778,7.7989888191223145
64,860,7.431601047515869
64,803,7.346940040588379
64,417,7.336032390594482
64,6989,7.289238452911377
64,23361,7.264489650726318
64,17781,7.2108635902404785
64,307,7.177245616912842
64,15090,7.151632308959961
64,15089,7.125301361083984
64,1017,7.107834339141846
64,4340,7.096221446990967
64,634,7.079819679260254
64,18950,7.0705156326293945
64,4341,7.0261921882629395
64,621,7.000434875488281
65,1231,8.293191909790039
65,7047,8.170395851135254
65,13460,7.6938910484313965
65,12681,7.296571254730225
65,18106,7.194494724273682
65,4341,7.020049571990967
65,4340,6.977582931518555
65,80,6.9571003913879395
65,7049,6.85304069519043
65,1458,6.725241184234619
65,719,6.630728721618652
65,7000,6.577208042144775
65,5238,6.56887674331665
65,25012,6.559566974639893
65,4349,6.502911567687988
65,1611,6.491197109222412
65,8398,6.491010665893555
65,8135,6.455236911773682
65,4347,6.45311164855957
65,7010,6.428140163421631
66,669,7.9434494972229
66,668,7.887024402618408
66,7473,7.858064651489258
66,7241,7.730612277984619
66,946,7.222590923309326
66,1547,7.097778797149658
66,6778,6.888016223907471
66,14747,6.872910976409912
66,12700,6.83555793762207
66,12939,6.7354254722595215
66,11181,6.720309734344482
66,8449,6.588642597198486
66,11820,6.537587642669678
66,6852,6.467351913452148
66,20631,6.402541637420654
66,6855,6.398099899291992
66,1601,6.36237096786499
66,22405,6.330027103424072
66,1043,6.319395065307617
66,6973,6.3061628341674805
67,1537,8.082250595092773
67,1047,7.979231357574463
67,15116,7.450060844421387
67,307,7.349173069000244
67,332,7.340200901031494
67,6778,7.333725452423096
67,1391,7.195926666259766
67,860,7.195425510406494
67,7992,6.994493007659912
67,12962,6.943103313446045
67,5465,6.887075424194336
67,5712,6.876809120178223
67,13504,6.8535380363464355
67,17781,6.842773914337158
67,23361,6.777261257171631
67,903,6.75641393661499
67,14662,6.728415012359619
67,1003,6.687249660491943
67,15089,6.6667985916137695
67,1200,6.641607284545898
68,1231,9.420211791992188
68,16141,8.700900077819824
68,622,8.246411323547363
68,15444,8.097675323486328
68,7972,8.095083236694336
68,7351,8.03959846496582
68,294,7.777616500854492
68,6917,7.743987560272217
68,7395,7.626595497131348
68,6989,7.60813045501709
68,30,7.578526973724365
68,1283,7.486787796020508
68,1047,7.295191764831543
68,768,7.287312030792236
68,7998,7.246858596801758
68,1370,7.211121082305908
68,6412,7.124400615692139
68,634,7.114257335662842
68,17543,7.014943599700928
68,7394,7.001559734344482
69,1217,8.046652793884277
69,1116,7.464196681976318
69,7394,7.279568195343018
69,6960,7.25062370300293
69,7491,7.193454265594482
69,1465,7.097540378570557
69,1387,6.964466571807861
69,2752,6.960438251495361
69,2787,6.924858570098877
69,66,6.900139331817627
69,1233,6.83770227432251
69,622,6.7688751220703125
69,2403,6.693198204040527
69,761,6.689788818359375
69,12698,6.518783092498779
69,7135,6.466407775878906
69,6914,6.4581170082092285
69,1005,6.397272109985352
69,1614,6.39136266708374
69,1117,6.384418964385986
70,1231,8.629772186279297
70,7394,8.419355392456055
70,1217,7.999060153961182
70,12939,7.57640266418457
70,6852,7.1593756675720215
70,1072,7.056257724761963
70,49,7.034499645233154
70,6856,7.025548458099365
70,6854,7.0248637199401855
70,837,7.011718273162842
70,6853,6.947577953338623
70,6850,6.896690845489502
70,6855,6.886594295501709
70,719,6.758340835571289
70,13552,6.699008464813232
70,13295,6.585665225982666
70,758,6.58250093460083
70,792,6.486897945404053
70,1714,6.458299160003662
70,586,6.455172538757324
71,621,8.24012279510498
71,307,7.530716419219971
71,943,7.2028985023498535
71,968,7.184179306030273
71,8430,6.688305377960205
71,929,6.655563831329346
71,613,6.561791896820068
71,5770,6.398960590362549
71,941,6.349776268005371
71,12981,6.341223239898682
71,6965,6.269535541534424
71,5437,6.256232738494873
71,1231,6.205702781677246
71,14848,6.149380683898926
71,939,6.12394905090332
71,32657,6.111884593963623
71,13504,6.095524787902832
71,848,6.057964324951172
71,1450,6.047603607177734
71,32649,6.044460773468018
72,6778,8.050620079040527
72,803,7.598571300506592
72,860,7.484827041625977
72,1391,7.414787292480469
72,4340,7.3478522300720215
72,4341,7.277822971343994
72,15116,7.220101833343506
72,23361,7.048071384429932
72,903,7.045815467834473
72,1552,7.0354437828063965
72,15366,7.005834579467773
72,4353,6.985156536102295
72,432,6.964547634124756
72,4349,6.9608473777771
72,4347,6.951779842376709
72,24218,6.922397136688232
72,15402,6.841039180755615
72,24207,6.834874629974365
72,307,6.825369834899902
72,22268,6.797994613647461
73,1231,12.007856369018555
73,1516,8.81368350982666
73,49,8.576922416687012
73,12272,8.496341705322266
73,1450,8.482263565063477
73,6446,8.479266166687012
73,1202,8.27127742767334
73,6186,8.15709400177002
73,621,8.062777519226074
73,8080,8.023149490356445
73,7998,7.839651584625244
73,7333,7.787216663360596
73,7394,7.761113166809082
73,1047,7.717628479003906
73,994,7.70397424697876
73,792,7.617059230804443
73,14634,7.61026668548584
73,1411,7.468712329864502
73,6989,7.387024402618408
73,1336,7.308981895446777
74,1231,3.4295661449432373
74,1047,2.9227378368377686
74,197,2.529250144958496
74,1391,2.508662462234497
74,7394,2.4305431842803955
74,17781,2.387928009033203
74,12948,2.224564552307129
74,6778,2.208725690841675
74,1473,2.1207728385925293
74,12939,2.0673136711120605
74,7057,2.0368261337280273
74,1217,1.8680164813995361
74,15116,1.8026844263076782
74,15089,1.7869560718536377
74,6718,1.7680368423461914
74,1554,1.6163712739944458
74,14824,1.607153058052063
74,7395,1.5709846019744873
74,7008,1.5376882553100586
74,943,1.5302413702011108
75,1231,8.652732849121094
75,49,8.284817695617676
75,1516,7.650487422943115
75,7394,7.5722455978393555
75,994,7.556309700012207
75,1072,7.552882194519043
75,1217,7.431893825531006
75,443,7.394564151763916
75,155,7.198035717010498
75,6186,7.192981719970703
75,792,7.014721870422363
75,1714,6.988194465637207
75,7461,6.872042179107666
75,719,6.753571510314941
75,438,6.750831127166748
75,7333,6.661558628082275
75,8460,6.626902103424072
75,12272,6.548003196716309
75,19073,6.526349067687988
75,15358,6.5040411949157715
76,6778,6.527642726898193
76,1554,6.422784328460693
76,21897,6.071712970733643
76,6852,6.0119547843933105
76,19996,5.9860053062438965
76,15089,5.960434913635254
76,6855,5.902959823608398
76,13979,5.902337551116943
76,5238,5.893990993499756
76,7299,5.793996810913086
76,6853,5.705829620361328
76,12948,5.690662860870361
76,1458,5.6753387451171875
76,1473,5.561567783355713
76,12681,5.518787860870361
76,8015,5.494147777557373
76,6850,5.358211040496826
76,1449,5.347131252288818
76,7057,5.341585636138916
76,6479,5.278332233428955
77,1231,9.540807723999023
77,443,8.869450569152832
77,1072,8.813438415527344
77,49,8.656516075134277
77,1516,8.638026237487793
77,994,8.57981014251709
77,155,8.317549705505371
77,792,8.076316833496094
77,15116,8.059967041015625
77,8000,7.862652778625488
77,12272,7.843691825866699
77,1473,7.838145732879639
77,7333,7.802490711212158
77,15365,7.797438144683838
77,6778,7.790713787078857
77,6446,7.732542037963867
77,4341,7.7277326583862305
77,7135,7.713048458099365
77,4340,7.71206521987915
77,6412,7.58145809173584
78,7387,4.971472263336182
78,4340,4.785045146942139
78,4341,4.692996501922607
78,6960,4.480227947235107
78,4347,4.431349754333496
78,4353,4.367197036743164
78,4349,4.35736608505249
78,1347,4.346317768096924
78,1016,4.287230491638184
78,1465,4.165101528167725
78,7491,3.9668328762054443
78,13504,3.807156562805176
78,12878,3.7192537784576416
78,332,3.6909050941467285
78,8058,3.6801767349243164
78,7943,3.636200189590454
78,6718,3.618271589279175
78,1047,3.6063547134399414
78,903,3.59883713722229
78,407,3.5538687705993652
79,1231,8.745902061462402
79,14588,7.732481956481934
79,614,7.679202079772949
79,197,7.0463643074035645
79,1366,6.981986045837402
79,1069,6.91579532623291
79,13979,6.890865802764893
79,7000,6.882266044616699
79,6186,6.834505081176758
79,6412,6.8245158195495605
79,417,6.807121276855469
79,13541,6.7308549880981445
79,1537,6.715444564819336
79,14662,6.714117527008057
79,7406,6.63608455657959
79,17781,6.572693824768066
79,7135,6.5327043533325195
79,1047,6.485335350036621
79,19065,6.399194240570068
79,7389,6.350637435913086
80,1231,8.871696472167969
80,6778,7.753891468048096
80,1525,7.222875118255615
80,6446,7.109254837036133
80,1606,7.094494819641113
80,307,7.060502052307129
80,12272,7.004854679107666
80,15366,6.95577335357666
80,12948,6.92036771774292
80,6807,6.894430637359619
80,803,6.8438639640808105
80,15402,6.807763576507568
80,786,6.787557601928711
80,7389,6.762353897094727
80,15404,6.754398345947266
80,15382,6.751214981079102
80,6412,6.681159973144531
80,13979,6.628220081329346
80,4340,6.627594470977783
80,13588,6.617713928222656
81,7337,6.501584529876709
81,1511,6.272012710571289
81,7503,6.252500057220459
81,21897,6.075454235076904
81,5238,5.994104862213135
81,17781,5.9684367179870605
81,6778,5.96295690536499
81,15116,5.922949314117432
81,12681,5.813709259033203
81,25781,5.725156784057617
81,892,5.661170959472656
81,7510,5.604278087615967
81,919,5.490633487701416
81,6990,5.477802753448486
81,1458,5.457024097442627
81,332,5.430512428283691
81,12982,5.376678466796875
81,8398,5.339909076690674
81,1391,5.33307409286499
81,4340,5.2958807945251465
82,1231,10.490629196166992
82,1477,8.230911254882812
82,6778,7.56686544418335
82,6807,7.481698036193848
82,1072,7.444919109344482
82,155,7.403532028198242
82,1458,7.3245768547058105
82,1588,7.267455577850342
82,18106,7.143195629119873
82,12681,7.106889247894287
82,4340,7.095987796783447
82,4341,7.07755708694458
82,7173,7.034427642822266
82,6446,7.020069599151611
82,443,6.994831085205078
82,12272,6.910918235778809
82,1408,6.8269829750061035
82,7337,6.760677814483643
82,6990,6.752170085906982
82,24218,6.749551296234131
83,6778,8.359549522399902
83,307,8.159799575805664
83,1408,8.116830825805664
83,1391,7.784498691558838
83,417,7.68749475479126
83,1231,7.6752028465271
83,803,7.533966064453125
83,15366,7.3072428703308105
83,4340,7.283247470855713
83,4341,7.2132182121276855
83,15402,7.184136867523193
83,6807,7.171714782714844
83,15404,7.140541076660156
83,15382,7.13592004776001
83,1458,7.114436626434326
83,15369,7.016680717468262
83,15379,7.001945495605469
83,1552,6.970839500427246
83,1525,6.9555158615112305
83,4353,6.920551776885986
84,6778,9.160552978515625
84,7394,8.435807228088379
84,21796,8.363049507141113
84,689,8.251093864440918
84,6850,8.220779418945312
84,6852,8.106385231018066
84,17781,7.993921756744385
84,6853,7.942621231079102
84,3640,7.913708686828613
84,6855,7.90927267074585
84,828,7.692163467407227
84,7395,7.646999835968018
84,13098,7.644385814666748
84,6856,7.566487789154053
84,1072,7.5569987297058105
84,919,7.532795429229736
84,1391,7.504927635192871
84,6854,7.490478038787842
84,6807,7.423483371734619
84,20631,7.41972017288208
85,6778,8.75588321685791
85,12681,8.51356029510498
85,1458,8.332965850830078
85,803,8.265636444091797
85,15366,8.03891372680664
85,1391,8.017491340637207
85,4340,8.01491928100586
85,4341,7.944888591766357
85,1231,7.931520938873291
85,15402,7.915806293487549
85,15404,7.87221097946167
85,15382,7.8675923347473145
85,6990,7.796738147735596
85,24218,7.75793981552124
85,24207,7.751683235168457
85,15369,7.748351573944092
85,15379,7.733616828918457
85,919,7.7101030349731445
85,8398,7.708573341369629
85,1552,7.70250940322876
86,1231,9.169050216674805
86,1516,8.979351043701172
86,49,8.74259090423584
86,1047,8.58955192565918
86,1217,8.268394470214844
86,1202,8.26028823852539
86,7998,8.259570121765137
86,7333,8.207135200500488
86,12272,7.935507297515869
86,7394,7.926782131195068
86,6446,7.7844767570495605
86,792,7.7827277183532715
86,994,7.673285484313965
86,14634,7.672860145568848
86,622,7.670745372772217
86,7386,7.464924335479736
86,1602,7.436540126800537
86,8092,7.404445171356201
86,7387,7.269811630249023
86,13504,7.174839019775391
87,6807,8.493528366088867
87,677,8.186501502990723
87,6410,8.181699752807617
87,5465,8.074007034301758
87,1231,7.978675365447998
87,13460,7.9328932762146
87,21897,7.853522777557373
87,13979,7.759461879730225
87,6855,7.734574794769287
87,6852,7.707590579986572
87,6853,7.679713726043701
87,6778,7.59186315536499
87,17248,7.510717868804932
87,6850,7.40803861618042
87,1072,7.380512714385986
87,6856,7.296988010406494
87,7348,7.286617279052734
87,6186,7.274847984313965
87,80,7.273608207702637
87,7409,7.261194229125977
88,1217,8.703598022460938
88,7176,8.390931129455566
88,19073,8.25288200378418
88,1231,7.93625020980835
88,1202,7.7576470375061035
88,7998,7.63931131362915
88,1005,7.5990777015686035
88,1047,7.496318340301514
88,1012,7.44532585144043
88,7333,7.364262580871582
88,49,7.2706499099731445
88,994,7.235441207885742
88,14843,6.950456142425537
88,407,6.85761022567749
88,1516,6.734048366546631
88,13353,6.724848747253418
88,7461,6.702163219451904
88,7169,6.553600788116455
88,14634,6.534790515899658
88,13539,6.521928310394287
89,1408,9.848359107971191
89,417,9.306720733642578
89,1231,9.082242012023926
89,197,8.911182403564453
89,6778,8.432096481323242
89,1391,8.332406997680664
89,1458,7.865256309509277
89,1588,7.808133602142334
89,803,7.799571514129639
89,15396,7.754337787628174
89,369,7.670800685882568
89,12681,7.64756965637207
89,15366,7.572848796844482
89,18106,7.5614447593688965
89,4340,7.548854351043701
89,884,7.542231559753418
89,4341,7.478823184967041
89,15402,7.449742317199707
89,7431,7.4136786460876465
89,15404,7.406147003173828
90,21897,9.157458305358887
90,1366,7.448454856872559
90,15089,7.05277156829834
90,7071,7.022780418395996
90,16247,6.958369731903076
90,12948,6.886849403381348
90,12858,6.837914943695068
90,18724,6.746946811676025
90,19996,6.723572731018066
90,613,6.549108982086182
90,689,6.417315483093262
90,8015,6.350778102874756
90,1067,6.279789924621582
90,7406,6.270995140075684
90,5412,6.2699503898620605
90,3640,6.260957717895508
90,6852,6.244551658630371
90,15476,6.215672016143799
90,14747,6.214667320251465
90,21931,6.2011637687683105
91,1231,9.279022216796875
91,621,8.786262512207031
91,6989,7.786461353302002
91,1217,7.528742790222168
91,17629,7.097659111022949
91,13098,7.080170631408691
91,1005,7.033840656280518
91,7173,6.9211835861206055
91,307,6.856862545013428
91,1627,6.822616100311279
91,6868,6.752820014953613
91,968,6.738487720489502
91,1408,6.7119460105896
91,23361,6.692790508270264
91,9482,6.596445083618164
91,3603,6.522064685821533
91,1477,6.49431848526001
91,22268,6.478461265563965
91,14588,6.463384628295898
91,1450,6.459701061248779
92,1231,7.550306797027588
92,1525,7.544571399688721
92,6778,7.197568893432617
92,1217,7.028417110443115
92,7394,6.466029167175293
92,20631,6.336862564086914
92,6415,6.282561779022217
92,5465,6.146181583404541
92,49,6.065380573272705
92,719,5.904585361480713
92,792,5.893801212310791
92,6718,5.837718963623047
92,1465,5.8067731857299805
92,8001,5.711961269378662
92,6186,5.645927906036377
92,119,5.628056049346924
92,7473,5.536402225494385
92,7338,5.532234191894531
92,1088,5.526525020599365
92,12686,5.498778343200684
93,1231,3.4295661449432373
93,1047,2.9227378368377686
93,197,2.529250144958496
93,1391,2.508662462234497
93,7394,2.4305431842803955
93,17781,2.387928009033203
93,12948,2.224564552307129
93,6778,2.208725690841675
93,1473,2.1207728385925293
93,12939,2.0673136711120605
93,7057,2.0368261337280273
93,1217,1.8680164813995361
93,15116,1.8026844263076782
93,15089,1.7869560718536377
93,6718,1.7680368423461914
93,1554,1.6163712739944458
93,14824,1.607153058052063
93,7395,1.5709846019744873
93,7008,1.5376882553100586
93,943,1.5302413702011108
94,1231,10.989192962646484
94,1217,8.313739776611328
94,792,7.679764270782471
94,49,7.6214423179626465
94,1201,7.592175006866455
94,6989,7.54718542098999
94,6186,7.524508476257324
94,1516,7.404849529266357
94,7998,7.304166316986084
94,14600,7.284650802612305
94,12272,7.114250183105469
94,14843,7.087693691253662
94,6446,7.08561897277832
94,4341,7.070960521697998
94,16135,7.053477764129639
94,4340,7.049181938171387
94,119,6.929065227508545
94,17239,6.9203200340271
94,17631,6.8968963623046875
94,13295,6.830327987670898
95,7394,7.442626476287842
95,1473,7.34943151473999
95,8058,7.300628662109375
95,7176,7.102363109588623
95,14662,6.990250110626221
95,7135,6.962608814239502
95,6778,6.923770427703857
95,1047,6.84380578994751
95,15089,6.66143798828125
95,837,6.654392242431641
95,19073,6.651944637298584
95,7395,6.40456485748291
95,6854,6.387192249298096
95,6852,6.311053276062012
95,6718,6.308088779449463
95,1590,6.268523693084717
95,5238,6.261686325073242
95,12933,6.227665424346924
95,8015,6.17185640335083
95,6855,6.121148586273193
96,1231,11.093480110168457
96,621,8.781817436218262
96,6186,8.3366060256958
96,197,8.045700073242188
96,1450,7.907446384429932
96,6446,7.895694255828857
96,12272,7.891520023345947
96,307,7.798287868499756
96,597,7.619786262512207
96,23361,7.527740001678467
96,4340,7.50324821472168
96,4341,7.49369478225708
96,1525,7.488150119781494
96,20631,7.440928936004639
96,49,7.415383338928223
96,792,7.359561443328857
96,369,7.240368843078613
96,1623,7.181820392608643
96,1336,7.1817426681518555
96,13295,7.116234302520752
97,23176,9.565996170043945
97,1044,9.326339721679688
97,5236,8.708415985107422
97,13504,8.127235412597656
97,7391,8.066010475158691
97,1047,7.658934116363525
97,1555,7.63798713684082
97,6960,7.47482442855835
97,5239,7.444118499755859
97,8058,7.3954854011535645
97,23361,7.303313255310059
97,860,7.212221622467041
97,6965,7.195523262023926
97,21931,7.109426498413086
97,5238,7.0613627433776855
97,1221,7.052811145782471
97,8399,7.018078327178955
97,23374,6.916472911834717
97,23818,6.860012531280518
97,23346,6.746494770050049
98,13979,7.948007106781006
98,12939,7.82761287689209
98,1017,7.712095737457275
98,6852,7.695330619812012
98,6855,7.582348823547363
98,6853,7.576937198638916
98,6850,7.20786190032959
98,6856,7.1437788009643555
98,6410,7.023703575134277
98,6854,7.005033016204834
98,1514,6.862585544586182
98,7473,6.784235954284668
98,7409,6.755002498626709
98,12948,6.5395002365112305
98,1366,6.506219863891602
98,837,6.496836185455322
98,297,6.442306995391846
98,21897,6.379422664642334
98,21796,6.338314533233643
98,946,6.295751094818115
99,1231,9.045402526855469
99,12272,7.407144546508789
99,6446,7.255675315856934
99,6186,6.951670169830322
99,6778,6.951596736907959
99,1072,6.621871471405029
99,155,6.580481052398682
99,597,6.540199279785156
99,19906,6.437049388885498
99,4340,6.3645100593566895
99,4341,6.359910488128662
99,1552,6.307417392730713
99,7394,6.285038471221924
99,19065,6.237659931182861
99,13503,6.230982780456543
99,1408,6.205310821533203
99,5465,6.187936782836914
99,20761,6.1369171142578125
99,12939,6.133129596710205
99,792,6.095388889312744
100,197,9.130753517150879
100,1047,9.044234275817871
100,15089,8.602498054504395
100,1217,8.572809219360352
100,18724,8.150915145874023
100,13005,8.051904678344727
100,17543,7.732938289642334
100,993,7.703296661376953
100,16141,7.644143581390381
100,8058,7.61970329284668
100,586,7.592343807220459
100,897,7.583223819732666
100,439,7.580629348754883
100,12967,7.547989368438721
100,1002,7.4015631675720215
100,12939,7.3895487785339355
100,16247,7.381303787231445
100,6974,7.349460601806641
100,6778,7.224535942077637
100,1537,7.112821102142334
101,197,8.171452522277832
101,5236,7.801944255828857
101,758,7.356985569000244
101,839,7.278295993804932
101,4347,7.276630878448486
101,4353,7.24839973449707
101,23176,7.236135959625244
101,4349,7.220809459686279
101,6252,7.123363494873047
101,20631,6.970287799835205
101,6778,6.814979553222656
101,5238,6.734884262084961
101,16142,6.712558269500732
101,15089,6.607405662536621
101,6965,6.550578594207764
101,21931,6.517865180969238
101,12681,6.467443466186523
101,13562,6.412484169006348
101,4340,6.233627796173096
101,7467,6.232006072998047
102,1231,3.4295661449432373
102,1047,2.9227378368377686
102,197,2.529250144958496
102,1391,2.508662462234497
102,7394,2.4305431842803955
102,17781,2.387928009033203
102,12948,2.224564552307129
102,6778,2.208725690841675
102,1473,2.1207728385925293
102,12939,2.0673136711120605
102,7057,2.0368261337280273
102,1217,1.8680164813995361
102,15116,1.8026844263076782
102,15089,1.7869560718536377
102,6718,1.7680368423461914
102,1554,1.6163712739944458
102,14824,1.607153058052063
102,7395,1.5709846019744873
102,7008,1.5376882553100586
102,943,1.5302413702011108
103,1047,8.965472221374512
103,23176,8.088166236877441
103,23361,8.074857711791992
103,13504,7.987185478210449
103,860,7.801939487457275
103,5236,7.482149600982666
103,15116,7.424365043640137
103,8058,7.397012710571289
103,32657,7.210154056549072
103,5712,7.2018938064575195
103,6960,7.153550624847412
103,32649,7.1408209800720215
103,23346,7.097912311553955
103,23374,7.081969738006592
103,23818,7.074316024780273
103,32665,7.0711541175842285
103,903,7.026906490325928
103,32666,6.996774196624756
103,7387,6.943339824676514
103,23345,6.879921913146973
104,7395,8.042866706848145
104,7032,7.423166751861572
104,21058,7.311903476715088
104,1811,7.267292499542236
104,7031,7.223677158355713
104,21056,7.215238094329834
104,6510,7.160913944244385
104,2732,7.151660442352295
104,5037,7.135242938995361
104,7042,7.116513252258301
104,1894,7.102357387542725
104,6744,6.996641159057617
104,7012,6.977328300476074
104,21064,6.972916126251221
104,7039,6.958421230316162
104,5123,6.918707370758057
104,6736,6.91756534576416
104,6942,6.906064033508301
104,7038,6.898096084594727
104,5932,6.897603511810303
105,1047,7.809840679168701
105,6960,7.312211990356445
105,8399,6.842292308807373
105,13504,6.756481647491455
105,7391,6.542941570281982
105,2787,6.438177585601807
105,622,6.4309563636779785
105,14824,6.291179180145264
105,66,6.236726760864258
105,6414,6.1961445808410645
105,1117,6.159759044647217
105,7135,6.091567516326904
105,43,5.88021993637085
105,7333,5.8061347007751465
105,1116,5.781296253204346
105,1516,5.74916934967041
105,13353,5.645239353179932
105,23176,5.608802318572998
105,12909,5.511270999908447
105,1473,5.509588241577148
106,23176,7.427725791931152
106,197,7.3516154289245605
106,1047,7.11736536026001
106,15089,7.061813831329346
106,621,7.0475358963012695
106,7432,6.6468825340271
106,860,6.584218502044678
106,13504,6.3994832038879395
106,8425,6.294698715209961
106,6960,6.285844802856445
106,634,6.284700870513916
106,13562,6.2474236488342285
106,23361,6.157022953033447
106,32657,6.1320414543151855
106,21931,6.126381874084473
106,12948,6.100197792053223
106,6965,6.099405765533447
106,32649,6.074988842010498
106,7391,6.074953556060791
106,13469,6.060177326202393
107,1231,11.202414512634277
107,197,10.377917289733887
107,369,8.741547584533691
107,417,8.523272514343262
107,6778,8.144786834716797
107,621,8.059422492980957
107,1408,8.05437183380127
107,1450,8.031747817993164
107,17629,7.968530178070068
107,307,7.806065082550049
107,803,7.692736625671387
107,15396,7.6475019454956055
107,17290,7.623532295227051
107,15366,7.466012477874756
107,1391,7.444591999053955
107,4340,7.442019939422607
107,884,7.43539571762085
107,4341,7.371989727020264
107,15402,7.342907428741455
107,15404,7.299311637878418
108,66,7.96043062210083
108,1116,7.732273101806641
108,1221,7.181522369384766
108,12948,7.114044189453125
108,786,7.054199695587158
108,461,6.985228061676025
108,853,6.279820919036865
108,18606,6.122232913970947
108,860,5.997941017150879
108,668,5.804511547088623
108,1117,5.795218467712402
108,7238,5.756224155426025
108,669,5.744680404663086
108,892,5.730156421661377
108,8058,5.4796037673950195
108,6778,5.41967248916626
108,7464,5.406121730804443
108,7220,5.368169784545898
108,6960,5.338551044464111
108,7061,5.315892219543457
109,6852,9.044000625610352
109,6854,9.006969451904297
109,6856,8.959052085876465
109,6853,8.897957801818848
109,6850,8.825091361999512
109,6855,8.772634506225586
109,7176,8.753669738769531
109,1005,8.747450828552246
109,13552,8.44580364227295
109,1714,8.367326736450195
109,443,8.365338325500488
109,1047,8.302496910095215
109,1217,8.04897403717041
109,837,7.993423938751221
109,5436,7.9452738761901855
109,1202,7.883793354034424
109,6974,7.861330509185791
109,6851,7.8564839363098145
109,1473,7.824450969696045
109,12700,7.8057990074157715
110,15116,6.707639217376709
110,23361,6.652954578399658
110,860,6.115555286407471
110,13504,5.958746433258057
110,5712,5.78619909286499
110,43,5.760687351226807
110,1005,5.701792240142822
110,1552,5.471415996551514
110,7176,5.456261157989502
110,446,5.431452751159668
110,6778,5.364891052246094
110,6960,5.362703323364258
110,903,5.340521812438965
110,1117,5.33534574508667
110,7397,5.3048834800720215
110,12525,5.2715630531311035
110,332,5.261475563049316
110,12962,5.191098213195801
110,4340,5.172070026397705
110,23374,5.155971527099609
111,7008,9.093901634216309
111,49,9.06166934967041
111,1217,8.90643310546875
111,5465,8.480737686157227
111,7394,8.21475601196289
111,6414,7.982970714569092
111,6186,7.937341213226318
111,7387,7.621353626251221
111,7461,7.5457987785339355
111,8058,7.541579246520996
111,1714,7.510312557220459
111,1465,7.48859977722168
111,1231,7.417340278625488
111,14662,7.271152019500732
111,6778,7.150755882263184
111,719,7.132403373718262
111,12939,7.1139044761657715
111,1537,6.991411209106445
111,17781,6.921231269836426
111,1525,6.8111186027526855
112,1047,9.672826766967773
112,1217,8.848145484924316
112,1202,8.773746490478516
112,7998,8.567384719848633
112,1465,8.54516315460205
112,1231,8.433223724365234
112,16141,8.172672271728516
112,13539,7.905797004699707
112,6974,7.891313552856445
112,7395,7.692301273345947
112,627,7.566959857940674
112,761,7.4190287590026855
112,13198,7.285991668701172
112,856,7.251669883728027
112,2787,7.1877617835998535
112,6989,7.108327388763428
112,1005,7.102046012878418
112,1201,7.008729934692383
112,7461,6.9658427238464355
112,614,6.916136264801025
113,7008,8.19933032989502
113,5465,7.6133198738098145
113,17781,7.2315592765808105
113,8058,6.9405012130737305
113,21796,6.917330265045166
113,1554,6.777292728424072
113,8101,6.492480278015137
113,6414,6.460266590118408
113,12982,6.298553943634033
113,443,6.296833038330078
113,7208,6.277170181274414
113,707,6.004448890686035
113,12686,5.973060607910156
113,14662,5.923732280731201
113,6778,5.865025043487549
113,49,5.8451457023620605
113,17543,5.6887688636779785
113,19065,5.677089214324951
113,6254,5.671823978424072
113,7943,5.534952163696289
114,307,8.766379356384277
114,1391,8.085289001464844
114,6778,8.019108772277832
114,15116,7.6979570388793945
114,1231,7.632122039794922
114,1047,7.587830543518066
114,4340,7.255651950836182
114,860,7.255038738250732
114,6718,7.250009536743164
114,6990,7.1524176597595215
114,4341,7.145720481872559
114,14588,7.124823570251465
114,5712,7.119717121124268
114,803,7.072349548339844
114,21897,7.061544418334961
114,4353,7.055288791656494
114,1537,7.040909290313721
114,4347,7.007243633270264
114,5770,6.987760066986084
114,4349,6.965704441070557
115,1231,9.500144004821777
115,1391,8.644116401672363
115,7395,8.426121711730957
115,14588,8.311198234558105
115,17781,8.047541618347168
115,6778,7.977023601531982
115,7998,7.922064304351807
115,12272,7.896947383880615
115,6446,7.874095439910889
115,417,7.867105960845947
115,7394,7.8403401374816895
115,6452,7.643375873565674
115,828,7.589138984680176
115,15090,7.521312236785889
115,7992,7.5007147789001465
115,15089,7.443764686584473
115,16283,7.402710437774658
115,6974,7.399568557739258
115,6186,7.352668285369873
115,197,7.309197902679443
116,1231,3.4295661449432373
116,1047,2.9227378368377686
116,197,2.529250144958496
116,1391,2.508662462234497
116,7394,2.4305431842803955
116,17781,2.387928009033203
116,12948,2.224564552307129
116,6778,2.208725690841675
116,1473,2.1207728385925293
116,12939,2.0673136711120605
116,7057,2.0368261337280273
116,1217,1.8680164813995361
116,15116,1.8026844263076782
116,15089,1.7869560718536377
116,6718,1.7680368423461914
116,1554,1.6163712739944458
116,14824,1.607153058052063
116,7395,1.5709846019744873
116,7008,1.5376882553100586
116,943,1.5302413702011108
117,768,8.6984281539917
117,6414,8.612019538879395
117,14824,8.403773307800293
117,1516,8.250727653503418
117,5238,7.657482147216797
117,49,7.45165491104126
117,1594,7.378089904785156
117,7387,7.320334434509277
117,12272,7.206521034240723
117,8425,7.175410747528076
117,24173,7.1518120765686035
117,7008,7.116649627685547
117,6446,7.112301349639893
117,4341,7.0406880378723145
117,4340,7.0242180824279785
117,1218,6.979089736938477
117,7135,6.929579734802246
117,1231,6.839067459106445
117,637,6.782975196838379
117,1347,6.7785210609436035
118,1231,10.578217506408691
118,6186,7.298386096954346
118,6446,7.27445650100708
118,12272,7.205183506011963
118,197,7.021463394165039
118,792,6.756302833557129
118,49,6.539284706115723
118,6412,6.443793296813965
118,1516,6.422604560852051
118,13295,6.409714221954346
118,614,6.384102821350098
118,1283,6.317284107208252
118,597,6.204208850860596
118,4341,6.147497177124023
118,19,6.127549171447754
118,4340,6.1257195472717285
118,1336,6.104092121124268
118,621,6.070257663726807
118,19723,6.030134201049805
118,13541,6.009270191192627
119,459,5.514907360076904
119,828,5.344845294952393
119,1200,5.315239429473877
119,7395,5.188366413116455
119,14954,5.085445880889893
119,6718,5.0681023597717285
119,6778,4.962843894958496
119,4477,4.894550323486328
119,853,4.867801666259766
119,892,4.8571977615356445
119,15089,4.807845592498779
119,332,4.787071704864502
119,21796,4.73793888092041
119,860,4.718923568725586
119,7490,4.679640293121338
119,8101,4.628350257873535
119,6700,4.538650989532471
119,1526,4.461245059967041
119,13333,4.389570236206055
119,787,4.269054412841797
120,369,9.375871658325195
120,1231,9.249306678771973
120,15116,8.317428588867188
120,5712,7.777683734893799
120,8433,7.659427165985107
120,197,7.531065940856934
120,7047,7.508941173553467
120,15366,7.495436191558838
120,15395,7.461957931518555
120,6778,7.379139423370361
120,15402,7.319522380828857
120,15396,7.305301189422607
120,15404,7.261465072631836
120,15382,7.2582478523254395
120,14662,7.223901271820068
120,7386,7.183330059051514
120,8080,7.139638423919678
120,1597,7.1165385246276855
120,15369,7.106689929962158
120,6446,7.106139183044434
121,12948,8.491328239440918
121,1044,8.055427551269531
121,1554,7.92069673538208
121,6778,7.908296585083008
121,8058,7.831474304199219
121,5238,7.429296016693115
121,17781,7.206256866455078
121,15089,7.078487396240234
121,461,6.95391321182251
121,5412,6.85969352722168
121,669,6.777562141418457
121,8015,6.732027530670166
121,21931,6.679778099060059
121,23176,6.65850305557251
121,13270,6.6519646644592285
121,6852,6.626851558685303
121,7071,6.612480163574219
121,6855,6.517855167388916
121,16247,6.503815174102783
121,12681,6.494781970977783
122,6778,8.22161865234375
122,21897,7.556447505950928
122,7467,7.391641139984131
122,6852,7.074873447418213
122,839,6.990036487579346
122,6855,6.965880393981934
122,7464,6.8942341804504395
122,12681,6.817531585693359
122,7503,6.807283878326416
122,6853,6.768749237060547
122,1554,6.748678207397461
122,7473,6.691467761993408
122,1366,6.688997268676758
122,6479,6.623964786529541
122,6480,6.5749430656433105
122,6478,6.543293476104736
122,758,6.512291431427002
122,6965,6.511542797088623
122,7057,6.447140216827393
122,7071,6.335791110992432
123,1044,7.9234490394592285
123,23176,7.5391764640808105
123,1047,7.314037799835205
123,25781,7.151055812835693
123,7337,6.751331806182861
123,332,6.662405967712402
123,10391,6.288809776306152
123,943,6.178424835205078
123,1210,6.087839126586914
123,1012,6.047694683074951
123,5238,5.930637359619141
123,12948,5.858833312988281
123,8058,5.79455041885376
123,7393,5.756712913513184
123,7051,5.725095748901367
123,996,5.721086025238037
123,7432,5.630213737487793
123,1203,5.568919658660889
123,5236,5.554133892059326
123,12962,5.510864734649658
124,1473,7.46764612197876
124,6778,7.404249668121338
124,860,7.323733806610107
124,23361,7.020472526550293
124,5236,7.001276969909668
124,14824,6.99887228012085
124,4340,6.863734722137451
124,15116,6.855611801147461
124,12525,6.794985294342041
124,4341,6.785208225250244
124,12681,6.742467403411865
124,43,6.688304901123047
124,7391,6.672569751739502
124,903,6.649407386779785
124,7394,6.472789764404297
124,4349,6.429692268371582
124,432,6.417361736297607
124,4347,6.416879177093506
124,1117,6.416759490966797
124,4353,6.40751838684082
125,5238,9.468724250793457
125,1554,8.471261024475098
125,461,8.196797370910645
125,8058,8.146193504333496
125,1473,8.008240699768066
125,4767,7.855958461761475
125,7170,7.640299320220947
125,7135,7.556521892547607
125,4349,7.276271820068359
125,15365,7.242545127868652
125,4347,7.181607723236084
125,12686,7.178750514984131
125,4353,7.151724338531494
125,7010,6.975252628326416
125,6969,6.971731662750244
125,6414,6.9174346923828125
125,1044,6.819231033325195
125,7943,6.726260185241699
125,1004,6.686374187469482
125,1594,6.682117938995361
126,1231,3.4295661449432373
126,1047,2.9227378368377686
126,197,2.529250144958496
126,1391,2.508662462234497
126,7394,2.4305431842803955
126,17781,2.387928009033203
126,12948,2.224564552307129
126,6778,2.208725690841675
126,1473,2.1207728385925293
126,12939,2.0673136711120605
126,7057,2.0368261337280273
126,1217,1.8680164813995361
126,15116,1.8026844263076782
126,15089,1.7869560718536377
126,6718,1.7680368423461914
126,1554,1.6163712739944458
126,14824,1.607153058052063
126,7395,1.5709846019744873
126,7008,1.5376882553100586
126,943,1.5302413702011108
127,1231,3.4295661449432373
127,1047,2.9227378368377686
127,197,2.529250144958496
127,1391,2.508662462234497
127,7394,2.4305431842803955
127,17781,2.387928009033203
127,12948,2.224564552307129
127,6778,2.208725690841675
127,1473,2.1207728385925293
127,12939,2.0673136711120605
127,7057,2.0368261337280273
127,1217,1.8680164813995361
127,15116,1.8026844263076782
127,15089,1.7869560718536377
127,6718,1.7680368423461914
127,1554,1.6163712739944458
127,14824,1.607153058052063
127,7395,1.5709846019744873
127,7008,1.5376882553100586
127,943,1.5302413702011108
128,6778,7.70614767074585
128,17781,7.211572170257568
128,1391,7.032681941986084
128,21897,6.972099781036377
128,5712,6.9351911544799805
128,12681,6.908745765686035
128,5238,6.636012554168701
128,860,6.581587314605713
128,1554,6.578436851501465
128,6718,6.578358173370361
128,4340,6.57092809677124
128,4353,6.535845756530762
128,7503,6.5242204666137695
128,4347,6.4931206703186035
128,4349,6.475841999053955
128,23176,6.463046550750732
128,4341,6.460996150970459
128,12948,6.432816982269287
128,332,6.4304327964782715
128,7394,6.398820877075195
129,1366,10.258671760559082
129,21897,9.876925468444824
129,6852,9.448250770568848
129,6853,9.332033157348633
129,1554,9.301737785339355
129,6855,9.288739204406738
129,17781,9.252860069274902
129,6850,8.918588638305664
129,7406,8.877337455749512
129,1606,8.781213760375977
129,1017,8.756024360656738
129,12939,8.634507179260254
129,12948,8.59517765045166
129,6856,8.590710639953613
129,1067,8.490320205688477
129,13979,8.449265480041504
129,6854,8.406639099121094
129,6778,8.39963436126709
129,16247,8.294737815856934
129,7008,8.255170822143555
130,6778,9.450177192687988
130,8449,8.538884162902832
130,1387,8.249675750732422
130,20631,8.030272483825684
130,12700,7.966465473175049
130,1386,7.853168964385986
130,13410,7.837035655975342
130,1525,7.767029285430908
130,7473,7.676198482513428
130,12698,7.553540229797363
130,22405,7.544332981109619
130,11805,7.5433735847473145
130,21796,7.491050720214844
130,13407,7.402864933013916
130,12545,7.296227931976318
130,21460,7.252244472503662
130,16144,7.187597274780273
130,944,7.136890411376953
130,29059,7.133652210235596
130,4353,7.120707988739014
131,1231,9.160052299499512
131,14588,7.895884037017822
131,7008,7.799304008483887
131,80,7.519777774810791
131,438,7.304553508758545
131,17781,7.125059127807617
131,6410,6.97300910949707
131,13460,6.795139789581299
131,7000,6.794477462768555
131,15444,6.721197605133057
131,7503,6.700222492218018
131,995,6.6952996253967285
131,1366,6.683050632476807
131,7431,6.678109645843506
131,417,6.649223804473877
131,6852,6.641603946685791
131,8462,6.634846210479736
131,6853,6.592339992523193
131,6855,6.567773342132568
131,197,6.560919284820557
132,6852,9.489203453063965
132,6853,9.39145278930664
132,6855,9.350764274597168
132,6850,8.861565589904785
132,6856,8.652734756469727
132,6854,8.46866512298584
132,1554,8.175217628479004
132,7406,8.04675006866455
132,6851,7.962954998016357
132,13979,7.916786193847656
132,12939,7.896216869354248
132,17781,7.855331897735596
132,8462,7.845005035400391
132,1366,7.763136386871338
132,443,7.62592077255249
132,7000,7.49578332901001
132,19996,7.48473596572876
132,7008,7.4460015296936035
132,14747,7.43803596496582
132,1067,7.19500207901001
133,6480,6.905921459197998
133,1012,6.662606716156006
133,4340,6.578396797180176
133,1123,6.56318473815918
133,7943,6.557417869567871
133,4341,6.528285503387451
133,6479,6.525388240814209
133,5148,6.499348163604736
133,4353,6.4691338539123535
133,4349,6.394940376281738
133,4347,6.366500377655029
133,860,6.245208263397217
133,7464,5.983887195587158
133,892,5.956354141235352
133,8058,5.795227527618408
133,18606,5.68088960647583
133,14662,5.671861171722412
133,13407,5.664859294891357
133,6700,5.657435894012451
133,15358,5.656062602996826
134,6960,10.326933860778809
134,2787,10.145452499389648
134,7395,9.16995906829834
134,407,8.89400577545166
134,6616,8.307589530944824
134,66,8.219661712646484
134,12878,8.103402137756348
134,1000,8.019964218139648
134,1116,8.003793716430664
134,622,7.967349529266357
134,461,7.861379146575928
134,21064,7.849316596984863
134,1729,7.775735855102539
134,21058,7.752475261688232
134,7176,7.751008987426758
134,21056,7.694786071777344
134,536,7.607161998748779
134,6685,7.6045451164245605
134,7032,7.564353942871094
134,7387,7.53865385055542
135,1231,7.560881614685059
135,23361,6.792019844055176
135,6778,6.694652557373047
135,307,6.687981605529785
135,4340,6.6399664878845215
135,621,6.617790222167969
135,4341,6.596313953399658
135,3603,6.425777435302734
135,1458,6.361164569854736
135,12681,6.358121395111084
135,803,6.3204169273376465
135,6989,6.206777095794678
135,446,6.2013726234436035
135,4347,6.189390182495117
135,4349,6.162266254425049
135,4353,6.153307914733887
135,8398,6.150991439819336
135,32657,6.066586971282959
135,1391,6.047759532928467
135,32649,6.033622741699219
136,1231,9.693285942077637
136,14588,9.058380126953125
136,1069,7.970288276672363
136,6186,7.963856220245361
136,17781,7.80873966217041
136,1537,7.686923027038574
136,13541,7.5855255126953125
136,6778,7.405595302581787
136,7461,7.398666858673096
136,1217,7.291312217712402
136,19065,7.045353412628174
136,12572,7.016122817993164
136,20925,7.008626937866211
136,7008,6.998621463775635
136,1391,6.99144172668457
136,5465,6.987614154815674
136,20931,6.981967926025391
136,6085,6.980301380157471
136,6700,6.976798057556152
136,14662,6.8919997215271
137,1231,12.377408027648926
137,6186,9.114181518554688
137,12272,9.112358093261719
137,6446,9.094843864440918
137,621,8.649760246276855
137,13541,8.362533569335938
137,1477,8.168474197387695
137,792,8.137983322143555
137,19906,8.118687629699707
137,597,8.097081184387207
137,6778,8.083565711975098
137,197,8.03545093536377
137,4340,8.023908615112305
137,1408,8.023205757141113
137,4341,7.985208511352539
137,49,7.92096471786499
137,1552,7.864297389984131
137,1336,7.862904071807861
137,17629,7.861788272857666
137,803,7.861547946929932
138,1231,11.878262519836426
138,197,10.213163375854492
138,369,8.844252586364746
138,1408,8.71140193939209
138,17629,8.351183891296387
138,1477,8.080127716064453
138,417,7.916538715362549
138,12272,7.631664752960205
138,6446,7.614150524139404
138,1597,7.547440052032471
138,1450,7.545416831970215
138,6778,7.387954235076904
138,621,7.327941417694092
138,7198,7.242382049560547
138,7173,7.2380242347717285
138,1046,7.232866287231445
138,13190,7.189356327056885
138,6186,7.131070613861084
138,1563,7.110360622406006
138,19906,7.091181755065918
139,6852,7.345694065093994
139,6855,7.2327141761779785
139,6853,7.227300643920898
139,1231,7.019932270050049
139,6854,6.950319766998291
139,837,6.937178134918213
139,6856,6.916881084442139
139,7394,6.895944595336914
139,7107,6.873178005218506
139,6850,6.858226299285889
139,1201,6.798072338104248
139,12939,6.659322738647461
139,1217,6.63596248626709
139,7473,6.621363162994385
139,5465,6.513892650604248
139,7047,6.440136909484863
139,384,6.376857280731201
139,49,6.345848560333252
139,21897,6.3070783615112305
139,946,6.163829326629639
140,1231,10.449689865112305
140,7394,8.689608573913574
140,7351,8.506722450256348
140,1072,8.449139595031738
140,155,8.316393852233887
140,150,8.249903678894043
140,994,8.190295219421387
140,49,8.1682710647583
140,1516,8.149782180786133
140,13460,8.080953598022461
140,438,8.080073356628418
140,792,8.005599975585938
140,6186,7.899877071380615
140,7239,7.751230239868164
140,14824,7.730505466461182
140,6446,7.68278169631958
140,12272,7.6207966804504395
140,4341,7.5768961906433105
140,622,7.5521111488342285
140,4340,7.534849166870117
141,1231,10.2488431930542
141,1217,8.457368850708008
141,6989,7.508059978485107
141,621,7.385941505432129
141,7998,7.289759635925293
141,1047,7.270005226135254
141,30,7.009366035461426
141,6446,7.002562522888184
141,6917,6.963624954223633
141,9482,6.960023403167725
141,597,6.952614784240723
141,12272,6.947666645050049
141,792,6.944944381713867
141,8092,6.9221978187561035
141,19,6.824539661407471
141,16135,6.781102180480957
141,622,6.707294464111328
141,14843,6.683535099029541
141,614,6.6767964363098145
141,14634,6.6020073890686035
142,14824,9.893306732177734
142,7394,9.861857414245605
142,1231,9.806549072265625
142,1516,8.4610013961792
142,768,8.246420860290527
142,49,8.224242210388184
142,1072,8.154531478881836
142,12272,8.143661499023438
142,6446,8.12658405303955
142,150,8.025662422180176
142,1202,8.009610176086426
142,7239,7.888200759887695
142,1218,7.632007122039795
142,622,7.526726245880127
142,13087,7.51193380355835
142,792,7.264379024505615
142,14634,7.257586479187012
142,1411,7.217472076416016
142,7984,7.165576934814453
142,597,7.138355731964111
